#CHROM	POS	ID	REF	ALT	QUAL	FILTER	INFO
1	925952	1019397	G	A	.	.	ALLELEID=1003021;CLNDISDB=MedGen:CN517202;CLNDN=not_provided;CLNHGVS=NC_000001.11:g.925952G>A;CLNREVSTAT=criteria_provided,_single_submitter;CLNSIG=Uncertain_significance;CLNVC=single_nucleotide_variant;CLNVCSO=SO:0001483;GENEINFO=SAMD11:148398;MC=SO:0001583|missense_variant;ORIGIN=1
1	930188	846933	G	A	.	.	ALLELEID=824438;CLNDISDB=MedGen:CN517202;CLNDN=not_provided;CLNHGVS=NC_000001.11:g.930188G>A;CLNREVSTAT=criteria_provided,_single_submitter;CLNSIG=Uncertain_significance;CLNVC=single_nucleotide_variant;CLNVCSO=SO:0001483;GENEINFO=SAMD11:148398;MC=SO:0001583|missense_variant;ORIGIN=1
1	930199	1095790	C	T	.	.	ALLELEID=1067609;CLNDISDB=MedGen:CN517202;CLNDN=not_provided;CLNHGVS=NC_000001.11:g.930199C>T;CLNREVSTAT=criteria_provided,_single_submitter;CLNSIG=Likely_benign;CLNVC=single_nucleotide_variant;CLNVCSO=SO:0001483;GENEINFO=SAMD11:148398;MC=SO:0001819|synonymous_variant;ORIGIN=1
1	930200	1043045	G	A	.	.	ALLELEID=1023510;CLNDISDB=MedGen:CN517202;CLNDN=not_provided;CLNHGVS=NC_000001.11:g.930200G>A;CLNREVSTAT=criteria_provided,_single_submitter;CLNSIG=Uncertain_significance;CLNVC=single_nucleotide_variant;CLNVCSO=SO:0001483;GENEINFO=SAMD11:148398;MC=SO:0001583|missense_variant;ORIGIN=1
1	930203	972363	C	T	.	.	ALLELEID=959431;CLNDISDB=MedGen:CN517202;CLNDN=not_provided;CLNHGVS=NC_000001.11:g.930203C>T;CLNREVSTAT=criteria_provided,_single_submitter;CLNSIG=Uncertain_significance;CLNVC=single_nucleotide_variant;CLNVCSO=SO:0001483;GENEINFO=SAMD11:148398;MC=SO:0001583|missense_variant;ORIGIN=1
1	930222	998906	GAACTC	TTCTTCTG	.	.	ALLELEID=987768;CLNDISDB=MedGen:CN517202;CLNDN=not_provided;CLNHGVS=NC_000001.11:g.930222_930227delinsTTCTTCTG;CLNREVSTAT=criteria_provided,_single_submitter;CLNSIG=Uncertain_significance;CLNVC=Indel;CLNVCSO=SO:1000032;GENEINFO=SAMD11:148398;MC=SO:0001589|frameshift_variant;ORIGIN=1
1	930248	789256	G	A	.	.	AF_ESP=0.00347;AF_EXAC=0.00622;AF_TGP=0.00280;ALLELEID=707587;CLNDISDB=MedGen:CN517202;CLNDN=not_provided;CLNHGVS=NC_000001.11:g.930248G>A;CLNREVSTAT=criteria_provided,_single_submitter;CLNSIG=Likely_benign;CLNVC=single_nucleotide_variant;CLNVCSO=SO:0001483;GENEINFO=SAMD11:148398;MC=SO:0001583|missense_variant;ORIGIN=1;RS=41285790
1	930275	969662	T	G	.	.	ALLELEID=959432;CLNDISDB=MedGen:CN517202;CLNDN=not_provided;CLNHGVS=NC_000001.11:g.930275T>G;CLNREVSTAT=criteria_provided,_single_submitter;CLNSIG=Uncertain_significance;CLNVC=single_nucleotide_variant;CLNVCSO=SO:0001483;GENEINFO=SAMD11:148398;MC=SO:0001583|missense_variant;ORIGIN=1
1	930317	1002057	A	G	.	.	ALLELEID=987769;CLNDISDB=MedGen:CN517202;CLNDN=not_provided;CLNHGVS=NC_000001.11:g.930317A>G;CLNREVSTAT=criteria_provided,_single_submitter;CLNSIG=Uncertain_significance;CLNVC=single_nucleotide_variant;CLNVCSO=SO:0001483;GENEINFO=SAMD11:148398;MC=SO:0001583|missense_variant;ORIGIN=1
1	930321	1002043	G	A	.	.	ALLELEID=987770;CLNDISDB=MedGen:CN517202;CLNDN=not_provided;CLNHGVS=NC_000001.11:g.930321G>A;CLNREVSTAT=criteria_provided,_single_submitter;CLNSIG=Uncertain_significance;CLNVC=single_nucleotide_variant;CLNVCSO=SO:0001483;GENEINFO=SAMD11:148398;MC=SO:0001583|missense_variant;ORIGIN=1
1	930336	843786	G	A	.	.	ALLELEID=824439;CLNDISDB=MedGen:CN517202;CLNDN=not_provided;CLNHGVS=NC_000001.11:g.930336G>A;CLNREVSTAT=criteria_provided,_single_submitter;CLNSIG=Uncertain_significance;CLNVC=single_nucleotide_variant;CLNVCSO=SO:0001483;GENEINFO=SAMD11:148398;MC=SO:0001583|missense_variant;ORIGIN=1
1	931039	956114	A	G	.	.	ALLELEID=951973;CLNDISDB=MedGen:CN517202;CLNDN=not_provided;CLNHGVS=NC_000001.11:g.931039A>G;CLNREVSTAT=criteria_provided,_single_submitter;CLNSIG=Uncertain_significance;CLNVC=single_nucleotide_variant;CLNVCSO=SO:0001483;GENEINFO=SAMD11:148398;MC=SO:0001819|synonymous_variant;ORIGIN=1
1	931049	943630	C	T	.	.	ALLELEID=939755;CLNDISDB=MedGen:CN517202;CLNDN=not_provided;CLNHGVS=NC_000001.11:g.931049C>T;CLNREVSTAT=criteria_provided,_single_submitter;CLNSIG=Uncertain_significance;CLNVC=single_nucleotide_variant;CLNVCSO=SO:0001483;GENEINFO=SAMD11:148398;MC=SO:0001583|missense_variant;ORIGIN=1
1	931050	852351	A	G	.	.	ALLELEID=824440;CLNDISDB=MedGen:CN517202;CLNDN=not_provided;CLNHGVS=NC_000001.11:g.931050A>G;CLNREVSTAT=criteria_provided,_single_submitter;CLNSIG=Uncertain_significance;CLNVC=single_nucleotide_variant;CLNVCSO=SO:0001483;GENEINFO=SAMD11:148398;MC=SO:0001583|missense_variant;ORIGIN=1
1	931051	1097908	C	T	.	.	ALLELEID=1067610;CLNDISDB=MedGen:CN517202;CLNDN=not_provided;CLNHGVS=NC_000001.11:g.931051C>T;CLNREVSTAT=criteria_provided,_single_submitter;CLNSIG=Likely_benign;CLNVC=single_nucleotide_variant;CLNVCSO=SO:0001483;GENEINFO=SAMD11:148398;MC=SO:0001819|synonymous_variant;ORIGIN=1
1	931058	1080861	G	A	.	.	ALLELEID=1067611;CLNDISDB=MedGen:CN517202;CLNDN=not_provided;CLNHGVS=NC_000001.11:g.931058G>A;CLNREVSTAT=criteria_provided,_single_submitter;CLNSIG=Likely_benign;CLNVC=single_nucleotide_variant;CLNVCSO=SO:0001483;GENEINFO=SAMD11:148398;MC=SO:0001583|missense_variant;ORIGIN=1
1	931074	1047625	G	A	.	.	ALLELEID=1023511;CLNDISDB=MedGen:CN517202;CLNDN=not_provided;CLNHGVS=NC_000001.11:g.931074G>A;CLNREVSTAT=criteria_provided,_single_submitter;CLNSIG=Uncertain_significance;CLNVC=single_nucleotide_variant;CLNVCSO=SO:0001483;GENEINFO=SAMD11:148398;MC=SO:0001583|missense_variant;ORIGIN=1
1	935819	1008984	G	T	.	.	ALLELEID=987771;CLNDISDB=MedGen:CN517202;CLNDN=not_provided;CLNHGVS=NC_000001.11:g.935819G>T;CLNREVSTAT=criteria_provided,_single_submitter;CLNSIG=Uncertain_significance;CLNVC=single_nucleotide_variant;CLNVCSO=SO:0001483;GENEINFO=SAMD11:148398;MC=SO:0001583|missense_variant;ORIGIN=1
1	935833	962835	C	G	.	.	ALLELEID=951974;CLNDISDB=MedGen:CN517202;CLNDN=not_provided;CLNHGVS=NC_000001.11:g.935833C>G;CLNREVSTAT=criteria_provided,_single_submitter;CLNSIG=Uncertain_significance;CLNVC=single_nucleotide_variant;CLNVCSO=SO:0001483;GENEINFO=SAMD11:148398;MC=SO:0001583|missense_variant;ORIGIN=1
1	935839	1085785	C	T	.	.	ALLELEID=1067612;CLNDISDB=MedGen:CN517202;CLNDN=not_provided;CLNHGVS=NC_000001.11:g.935839C>T;CLNREVSTAT=criteria_provided,_single_submitter;CLNSIG=Likely_benign;CLNVC=single_nucleotide_variant;CLNVCSO=SO:0001483;GENEINFO=SAMD11:148398;MC=SO:0001583|missense_variant;ORIGIN=1
1	935847	862561	C	G	.	.	ALLELEID=824441;CLNDISDB=MedGen:CN517202;CLNDN=not_provided;CLNHGVS=NC_000001.11:g.935847C>G;CLNREVSTAT=criteria_provided,_single_submitter;CLNSIG=Uncertain_significance;CLNVC=single_nucleotide_variant;CLNVCSO=SO:0001483;GENEINFO=SAMD11:148398;MC=SO:0001583|missense_variant;ORIGIN=1
1	935850	1093933	C	T	.	.	ALLELEID=1067613;CLNDISDB=MedGen:CN517202;CLNDN=not_provided;CLNHGVS=NC_000001.11:g.935850C>T;CLNREVSTAT=criteria_provided,_single_submitter;CLNSIG=Likely_benign;CLNVC=single_nucleotide_variant;CLNVCSO=SO:0001483;GENEINFO=SAMD11:148398;MC=SO:0001819|synonymous_variant;ORIGIN=1
1	935851	1059598	T	C	.	.	ALLELEID=1040338;CLNDISDB=MedGen:CN517202;CLNDN=not_provided;CLNHGVS=NC_000001.11:g.935851T>C;CLNREVSTAT=criteria_provided,_single_submitter;CLNSIG=Uncertain_significance;CLNVC=single_nucleotide_variant;CLNVCSO=SO:0001483;GENEINFO=SAMD11:148398;MC=SO:0001583|missense_variant;ORIGIN=1
1	935866	1057892	G	GGCAGCCTGGAGATTGGCCT	.	.	ALLELEID=1040339;CLNDISDB=MedGen:CN517202;CLNDN=not_provided;CLNHGVS=NC_000001.11:g.935869_935887dup;CLNREVSTAT=criteria_provided,_single_submitter;CLNSIG=Uncertain_significance;CLNVC=Duplication;CLNVCSO=SO:1000035;CLNVI=Invitae:9996417;GENEINFO=SAMD11:148398;MC=SO:0001589|frameshift_variant;ORIGIN=1
1	935882	1025423	G	A	.	.	ALLELEID=1003024;CLNDISDB=MedGen:CN517202;CLNDN=not_provided;CLNHGVS=NC_000001.11:g.935882G>A;CLNREVSTAT=criteria_provided,_single_submitter;CLNSIG=Uncertain_significance;CLNVC=single_nucleotide_variant;CLNVCSO=SO:0001483;GENEINFO=SAMD11:148398;MC=SO:0001583|missense_variant;ORIGIN=1
1	935893	1015922	G	A	.	.	ALLELEID=1003025;CLNDISDB=MedGen:CN517202;CLNDN=not_provided;CLNHGVS=NC_000001.11:g.935893G>A;CLNREVSTAT=criteria_provided,_single_submitter;CLNSIG=Uncertain_significance;CLNVC=single_nucleotide_variant;CLNVCSO=SO:0001483;GENEINFO=SAMD11:148398;MC=SO:0001583|missense_variant;ORIGIN=1
1	935895	1027002	C	G	.	.	ALLELEID=1003026;CLNDISDB=MedGen:CN517202;CLNDN=not_provided;CLNHGVS=NC_000001.11:g.935895C>G;CLNREVSTAT=criteria_provided,_single_submitter;CLNSIG=Uncertain_significance;CLNVC=single_nucleotide_variant;CLNVCSO=SO:0001483;GENEINFO=SAMD11:148398;MC=SO:0001819|synonymous_variant;ORIGIN=1
1	939066	861002	C	T	.	.	ALLELEID=824442;CLNDISDB=MedGen:CN517202;CLNDN=not_provided;CLNHGVS=NC_000001.11:g.939066C>T;CLNREVSTAT=criteria_provided,_single_submitter;CLNSIG=Uncertain_significance;CLNVC=single_nucleotide_variant;CLNVCSO=SO:0001483;GENEINFO=SAMD11:148398;MC=SO:0001583|missense_variant;ORIGIN=1
1	939067	1043874	G	A	.	.	ALLELEID=1023512;CLNDISDB=MedGen:CN517202;CLNDN=not_provided;CLNHGVS=NC_000001.11:g.939067G>A;CLNREVSTAT=criteria_provided,_single_submitter;CLNSIG=Uncertain_significance;CLNVC=single_nucleotide_variant;CLNVCSO=SO:0001483;GENEINFO=SAMD11:148398;MC=SO:0001583|missense_variant;ORIGIN=1
1	939075	857919	C	T	.	.	ALLELEID=824443;CLNDISDB=MedGen:CN517202;CLNDN=not_provided;CLNHGVS=NC_000001.11:g.939075C>T;CLNREVSTAT=criteria_provided,_single_submitter;CLNSIG=Uncertain_significance;CLNVC=single_nucleotide_variant;CLNVCSO=SO:0001483;GENEINFO=SAMD11:148398;MC=SO:0001583|missense_variant;ORIGIN=1
1	939076	855371	G	T	.	.	ALLELEID=824444;CLNDISDB=MedGen:CN517202;CLNDN=not_provided;CLNHGVS=NC_000001.11:g.939076G>T;CLNREVSTAT=criteria_provided,_single_submitter;CLNSIG=Uncertain_significance;CLNVC=single_nucleotide_variant;CLNVCSO=SO:0001483;GENEINFO=SAMD11:148398;MC=SO:0001583|missense_variant;ORIGIN=1
1	939077	1085846	T	C	.	.	ALLELEID=1067614;CLNDISDB=MedGen:CN517202;CLNDN=not_provided;CLNHGVS=NC_000001.11:g.939077T>C;CLNREVSTAT=criteria_provided,_single_submitter;CLNSIG=Likely_benign;CLNVC=single_nucleotide_variant;CLNVCSO=SO:0001483;GENEINFO=SAMD11:148398;MC=SO:0001819|synonymous_variant;ORIGIN=1
1	939103	968364	A	C	.	.	ALLELEID=959433;CLNDISDB=MedGen:CN517202;CLNDN=not_provided;CLNHGVS=NC_000001.11:g.939103A>C;CLNREVSTAT=criteria_provided,_single_submitter;CLNSIG=Uncertain_significance;CLNVC=single_nucleotide_variant;CLNVCSO=SO:0001483;GENEINFO=SAMD11:148398;MC=SO:0001583|missense_variant;ORIGIN=1
1	939112	1045276	G	A	.	.	ALLELEID=1023513;CLNDISDB=MedGen:CN517202;CLNDN=not_provided;CLNHGVS=NC_000001.11:g.939112G>A;CLNREVSTAT=criteria_provided,_single_submitter;CLNSIG=Uncertain_significance;CLNVC=single_nucleotide_variant;CLNVCSO=SO:0001483;GENEINFO=SAMD11:148398;MC=SO:0001583|missense_variant;ORIGIN=1
1	939115	1018511	G	A	.	.	ALLELEID=1003027;CLNDISDB=MedGen:CN517202;CLNDN=not_provided;CLNHGVS=NC_000001.11:g.939115G>A;CLNREVSTAT=criteria_provided,_single_submitter;CLNSIG=Uncertain_significance;CLNVC=single_nucleotide_variant;CLNVCSO=SO:0001483;GENEINFO=SAMD11:148398;MC=SO:0001583|missense_variant;ORIGIN=1
1	939121	950252	C	T	.	.	ALLELEID=929885;CLNDISDB=MedGen:CN517202;CLNDN=not_provided;CLNHGVS=NC_000001.11:g.939121C>T;CLNREVSTAT=criteria_provided,_single_submitter;CLNSIG=Uncertain_significance;CLNVC=single_nucleotide_variant;CLNVCSO=SO:0001483;GENEINFO=SAMD11:148398;MC=SO:0001583|missense_variant;ORIGIN=1
1	939124	946008	C	T	.	.	ALLELEID=929886;CLNDISDB=MedGen:CN517202;CLNDN=not_provided;CLNHGVS=NC_000001.11:g.939124C>T;CLNREVSTAT=criteria_provided,_single_submitter;CLNSIG=Uncertain_significance;CLNVC=single_nucleotide_variant;CLNVCSO=SO:0001483;GENEINFO=SAMD11:148398;MC=SO:0001583|missense_variant;ORIGIN=1
1	939149	1084710	G	A	.	.	ALLELEID=1067615;CLNDISDB=MedGen:CN517202;CLNDN=not_provided;CLNHGVS=NC_000001.11:g.939149G>A;CLNREVSTAT=criteria_provided,_single_submitter;CLNSIG=Likely_benign;CLNVC=single_nucleotide_variant;CLNVCSO=SO:0001483;GENEINFO=SAMD11:148398;MC=SO:0001627|intron_variant;ORIGIN=1
1	939278	1015275	C	T	.	.	ALLELEID=1003028;CLNDISDB=MedGen:CN517202;CLNDN=not_provided;CLNHGVS=NC_000001.11:g.939278C>T;CLNREVSTAT=criteria_provided,_single_submitter;CLNSIG=Uncertain_significance;CLNVC=single_nucleotide_variant;CLNVCSO=SO:0001483;GENEINFO=SAMD11:148398;MC=SO:0001583|missense_variant;ORIGIN=1
1	939290	1038863	C	T	.	.	ALLELEID=1023514;CLNDISDB=MedGen:CN517202;CLNDN=not_provided;CLNHGVS=NC_000001.11:g.939290C>T;CLNREVSTAT=criteria_provided,_single_submitter;CLNSIG=Uncertain_significance;CLNVC=single_nucleotide_variant;CLNVCSO=SO:0001483;GENEINFO=SAMD11:148398;MC=SO:0001583|missense_variant;ORIGIN=1
1	939382	1078617	C	T	.	.	ALLELEID=1067616;CLNDISDB=MedGen:CN517202;CLNDN=not_provided;CLNHGVS=NC_000001.11:g.939382C>T;CLNREVSTAT=criteria_provided,_single_submitter;CLNSIG=Likely_benign;CLNVC=single_nucleotide_variant;CLNVCSO=SO:0001483;GENEINFO=SAMD11:148398;MC=SO:0001583|missense_variant;ORIGIN=1
1	939398	769497	GCCTCCCCAGCCACGGTGAGGACCCACCCTGGCATGATCCCCCTCATCA	G	.	.	ALLELEID=777163;CLNDISDB=MedGen:CN517202;CLNDN=not_provided;CLNHGVS=NC_000001.11:g.939437_939484del;CLNREVSTAT=criteria_provided,_single_submitter;CLNSIG=Benign;CLNVC=Deletion;CLNVCSO=SO:0000159;GENEINFO=SAMD11:148398;MC=SO:0001575|splice_donor_variant;ORIGIN=1;RS=568340123
1	939436	1080214	C	CCCCCTCATCACCTCCCCAGCCACGGTGAGGACCCACCCTGGCATGATCT	.	.	ALLELEID=1067617;CLNDISDB=MedGen:CN517202;CLNDN=not_provided;CLNHGVS=NC_000001.11:g.939460_939508dup;CLNREVSTAT=criteria_provided,_single_submitter;CLNSIG=Likely_benign;CLNVC=Duplication;CLNVCSO=SO:1000035;CLNVI=Invitae:1906263;GENEINFO=SAMD11:148398;MC=SO:0001575|splice_donor_variant,SO:0001627|intron_variant;ORIGIN=1
1	939437	1024192	C	T	.	.	ALLELEID=1003029;CLNDISDB=MedGen:CN517202;CLNDN=not_provided;CLNHGVS=NC_000001.11:g.939437C>T;CLNREVSTAT=criteria_provided,_single_submitter;CLNSIG=Uncertain_significance;CLNVC=single_nucleotide_variant;CLNVCSO=SO:0001483;GENEINFO=SAMD11:148398;MC=SO:0001583|missense_variant,SO:0001627|intron_variant;ORIGIN=1
1	941148	1084581	C	T	.	.	ALLELEID=1067650;CLNDISDB=MedGen:CN517202;CLNDN=not_provided;CLNHGVS=NC_000001.11:g.941148C>T;CLNREVSTAT=criteria_provided,_single_submitter;CLNSIG=Likely_benign;CLNVC=single_nucleotide_variant;CLNVCSO=SO:0001483;GENEINFO=SAMD11:148398;MC=SO:0001819|synonymous_variant;ORIGIN=1
1	941167	1062102	G	A	.	.	ALLELEID=1040378;CLNDISDB=MedGen:CN517202;CLNDN=not_provided;CLNHGVS=NC_000001.11:g.941167G>A;CLNREVSTAT=criteria_provided,_single_submitter;CLNSIG=Uncertain_significance;CLNVC=single_nucleotide_variant;CLNVCSO=SO:0001483;GENEINFO=SAMD11:148398;MC=SO:0001583|missense_variant;ORIGIN=1
1	941200	935894	C	G	.	.	ALLELEID=939756;CLNDISDB=MedGen:CN517202;CLNDN=not_provided;CLNHGVS=NC_000001.11:g.941200C>G;CLNREVSTAT=criteria_provided,_single_submitter;CLNSIG=Uncertain_significance;CLNVC=single_nucleotide_variant;CLNVCSO=SO:0001483;GENEINFO=SAMD11:148398;MC=SO:0001583|missense_variant;ORIGIN=1
1	941236	854165	C	T	.	.	ALLELEID=824519;CLNDISDB=MedGen:CN517202;CLNDN=not_provided;CLNHGVS=NC_000001.11:g.941236C>T;CLNREVSTAT=criteria_provided,_single_submitter;CLNSIG=Uncertain_significance;CLNVC=single_nucleotide_variant;CLNVCSO=SO:0001483;GENEINFO=SAMD11:148398;MC=SO:0001583|missense_variant;ORIGIN=1
1	941239	1060766	C	G	.	.	ALLELEID=1040379;CLNDISDB=MedGen:CN517202;CLNDN=not_provided;CLNHGVS=NC_000001.11:g.941239C>G;CLNREVSTAT=criteria_provided,_single_submitter;CLNSIG=Uncertain_significance;CLNVC=single_nucleotide_variant;CLNVCSO=SO:0001483;GENEINFO=SAMD11:148398;MC=SO:0001583|missense_variant;ORIGIN=1
1	941284	1006858	G	A	.	.	ALLELEID=987805;CLNDISDB=MedGen:CN517202;CLNDN=not_provided;CLNHGVS=NC_000001.11:g.941284G>A;CLNREVSTAT=criteria_provided,_single_submitter;CLNSIG=Uncertain_significance;CLNVC=single_nucleotide_variant;CLNVCSO=SO:0001483;GENEINFO=SAMD11:148398;MC=SO:0001583|missense_variant;ORIGIN=1
1	941291	1059309	C	T	.	.	ALLELEID=1040380;CLNDISDB=MedGen:CN517202;CLNDN=not_provided;CLNHGVS=NC_000001.11:g.941291C>T;CLNREVSTAT=criteria_provided,_single_submitter;CLNSIG=Uncertain_significance;CLNVC=single_nucleotide_variant;CLNVCSO=SO:0001483;GENEINFO=SAMD11:148398;MC=SO:0001583|missense_variant;ORIGIN=1
1	941298	955893	C	G	.	.	ALLELEID=951975;CLNDISDB=MedGen:CN517202;CLNDN=not_provided;CLNHGVS=NC_000001.11:g.941298C>G;CLNREVSTAT=criteria_provided,_single_submitter;CLNSIG=Uncertain_significance;CLNVC=single_nucleotide_variant;CLNVCSO=SO:0001483;GENEINFO=SAMD11:148398;MC=SO:0001583|missense_variant;ORIGIN=1
1	941298	1090757	C	T	.	.	ALLELEID=1067651;CLNDISDB=MedGen:CN517202;CLNDN=not_provided;CLNHGVS=NC_000001.11:g.941298C>T;CLNREVSTAT=criteria_provided,_single_submitter;CLNSIG=Likely_benign;CLNVC=single_nucleotide_variant;CLNVCSO=SO:0001483;GENEINFO=SAMD11:148398;MC=SO:0001819|synonymous_variant;ORIGIN=1
1	941300	1057789	C	T	.	.	ALLELEID=1040381;CLNDISDB=MedGen:CN517202;CLNDN=not_provided;CLNHGVS=NC_000001.11:g.941300C>T;CLNREVSTAT=criteria_provided,_single_submitter;CLNSIG=Uncertain_significance;CLNVC=single_nucleotide_variant;CLNVCSO=SO:0001483;GENEINFO=SAMD11:148398;MC=SO:0001583|missense_variant;ORIGIN=1
1	941307	842067	G	A	.	.	ALLELEID=851073;CLNDISDB=MedGen:CN517202;CLNDN=not_provided;CLNHGVS=NC_000001.11:g.941307G>A;CLNREVSTAT=criteria_provided,_single_submitter;CLNSIG=Uncertain_significance;CLNVC=single_nucleotide_variant;CLNVCSO=SO:0001483;GENEINFO=SAMD11:148398;MC=SO:0001575|splice_donor_variant;ORIGIN=1
1	941315	1094862	G	C	.	.	ALLELEID=1067652;CLNDISDB=MedGen:CN517202;CLNDN=not_provided;CLNHGVS=NC_000001.11:g.941315G>C;CLNREVSTAT=criteria_provided,_single_submitter;CLNSIG=Likely_benign;CLNVC=single_nucleotide_variant;CLNVCSO=SO:0001483;GENEINFO=SAMD11:148398;MC=SO:0001627|intron_variant;ORIGIN=1
1	942143	861801	C	G	.	.	ALLELEID=824520;CLNDISDB=MedGen:CN517202;CLNDN=not_provided;CLNHGVS=NC_000001.11:g.942143C>G;CLNREVSTAT=criteria_provided,_single_submitter;CLNSIG=Uncertain_significance;CLNVC=single_nucleotide_variant;CLNVCSO=SO:0001483;GENEINFO=SAMD11:148398;MC=SO:0001583|missense_variant;ORIGIN=1
1	942143	1056304	C	T	.	.	ALLELEID=1040382;CLNDISDB=MedGen:CN517202;CLNDN=not_provided;CLNHGVS=NC_000001.11:g.942143C>T;CLNREVSTAT=criteria_provided,_single_submitter;CLNSIG=Uncertain_significance;CLNVC=single_nucleotide_variant;CLNVCSO=SO:0001483;GENEINFO=SAMD11:148398;MC=SO:0001583|missense_variant;ORIGIN=1
1	942144	969167	C	T	.	.	ALLELEID=959434;CLNDISDB=MedGen:CN517202;CLNDN=not_provided;CLNHGVS=NC_000001.11:g.942144C>T;CLNREVSTAT=criteria_provided,_single_submitter;CLNSIG=Uncertain_significance;CLNVC=single_nucleotide_variant;CLNVCSO=SO:0001483;GENEINFO=SAMD11:148398;MC=SO:0001583|missense_variant;ORIGIN=1
1	942148	1082039	G	A	.	.	ALLELEID=1067653;CLNDISDB=MedGen:CN517202;CLNDN=not_provided;CLNHGVS=NC_000001.11:g.942148G>A;CLNREVSTAT=criteria_provided,_single_submitter;CLNSIG=Likely_benign;CLNVC=single_nucleotide_variant;CLNVCSO=SO:0001483;GENEINFO=SAMD11:148398;MC=SO:0001819|synonymous_variant;ORIGIN=1
1	942149	938016	C	T	.	.	ALLELEID=939757;CLNDISDB=MedGen:CN517202;CLNDN=not_provided;CLNHGVS=NC_000001.11:g.942149C>T;CLNREVSTAT=criteria_provided,_single_submitter;CLNSIG=Uncertain_significance;CLNVC=single_nucleotide_variant;CLNVCSO=SO:0001483;GENEINFO=SAMD11:148398;MC=SO:0001583|missense_variant;ORIGIN=1
1	942155	1051163	C	T	.	.	ALLELEID=1040383;CLNDISDB=MedGen:CN517202;CLNDN=not_provided;CLNHGVS=NC_000001.11:g.942155C>T;CLNREVSTAT=criteria_provided,_single_submitter;CLNSIG=Uncertain_significance;CLNVC=single_nucleotide_variant;CLNVCSO=SO:0001483;GENEINFO=SAMD11:148398;MC=SO:0001583|missense_variant;ORIGIN=1
1	942170	1058613	C	G	.	.	ALLELEID=1040384;CLNDISDB=MedGen:CN517202;CLNDN=not_provided;CLNHGVS=NC_000001.11:g.942170C>G;CLNREVSTAT=criteria_provided,_single_submitter;CLNSIG=Uncertain_significance;CLNVC=single_nucleotide_variant;CLNVCSO=SO:0001483;GENEINFO=SAMD11:148398;MC=SO:0001583|missense_variant;ORIGIN=1
1	942178	1093597	C	T	.	.	ALLELEID=1067654;CLNDISDB=MedGen:CN517202;CLNDN=not_provided;CLNHGVS=NC_000001.11:g.942178C>T;CLNREVSTAT=criteria_provided,_single_submitter;CLNSIG=Likely_benign;CLNVC=single_nucleotide_variant;CLNVCSO=SO:0001483;GENEINFO=SAMD11:148398;MC=SO:0001819|synonymous_variant;ORIGIN=1
1	942197	840316	C	T	.	.	ALLELEID=824521;CLNDISDB=MedGen:CN517202;CLNDN=not_provided;CLNHGVS=NC_000001.11:g.942197C>T;CLNREVSTAT=criteria_provided,_single_submitter;CLNSIG=Uncertain_significance;CLNVC=single_nucleotide_variant;CLNVCSO=SO:0001483;GENEINFO=SAMD11:148398;MC=SO:0001583|missense_variant;ORIGIN=1
1	942203	846151	C	T	.	.	ALLELEID=824522;CLNDISDB=MedGen:CN517202;CLNDN=not_provided;CLNHGVS=NC_000001.11:g.942203C>T;CLNREVSTAT=criteria_provided,_single_submitter;CLNSIG=Uncertain_significance;CLNVC=single_nucleotide_variant;CLNVCSO=SO:0001483;GENEINFO=SAMD11:148398;MC=SO:0001583|missense_variant;ORIGIN=1
1	942207	934457	G	T	.	.	ALLELEID=939748;CLNDISDB=MedGen:CN517202;CLNDN=not_provided;CLNHGVS=NC_000001.11:g.942207G>T;CLNREVSTAT=criteria_provided,_single_submitter;CLNSIG=Uncertain_significance;CLNVC=single_nucleotide_variant;CLNVCSO=SO:0001483;GENEINFO=SAMD11:148398;MC=SO:0001583|missense_variant;ORIGIN=1
1	942209	857913	C	T	.	.	ALLELEID=824523;CLNDISDB=MedGen:CN517202;CLNDN=not_provided;CLNHGVS=NC_000001.11:g.942209C>T;CLNREVSTAT=criteria_provided,_single_submitter;CLNSIG=Uncertain_significance;CLNVC=single_nucleotide_variant;CLNVCSO=SO:0001483;GENEINFO=SAMD11:148398;MC=SO:0001583|missense_variant;ORIGIN=1
1	942216	1039396	T	G	.	.	ALLELEID=1023564;CLNDISDB=MedGen:CN517202;CLNDN=not_provided;CLNHGVS=NC_000001.11:g.942216T>G;CLNREVSTAT=criteria_provided,_single_submitter;CLNSIG=Uncertain_significance;CLNVC=single_nucleotide_variant;CLNVCSO=SO:0001483;GENEINFO=SAMD11:148398;MC=SO:0001583|missense_variant;ORIGIN=1
1	942228	1043143	C	T	.	.	ALLELEID=1023565;CLNDISDB=MedGen:CN517202;CLNDN=not_provided;CLNHGVS=NC_000001.11:g.942228C>T;CLNREVSTAT=criteria_provided,_single_submitter;CLNSIG=Uncertain_significance;CLNVC=single_nucleotide_variant;CLNVCSO=SO:0001483;GENEINFO=SAMD11:148398;MC=SO:0001583|missense_variant;ORIGIN=1
1	942231	960074	C	T	.	.	ALLELEID=951955;CLNDISDB=MedGen:CN517202;CLNDN=not_provided;CLNHGVS=NC_000001.11:g.942231C>T;CLNREVSTAT=criteria_provided,_single_submitter;CLNSIG=Uncertain_significance;CLNVC=single_nucleotide_variant;CLNVCSO=SO:0001483;GENEINFO=SAMD11:148398;MC=SO:0001583|missense_variant;ORIGIN=1
1	942240	942261	G	A	.	.	ALLELEID=939749;CLNDISDB=MedGen:CN517202;CLNDN=not_provided;CLNHGVS=NC_000001.11:g.942240G>A;CLNREVSTAT=criteria_provided,_single_submitter;CLNSIG=Uncertain_significance;CLNVC=single_nucleotide_variant;CLNVCSO=SO:0001483;GENEINFO=SAMD11:148398;MC=SO:0001583|missense_variant;ORIGIN=1
1	942246	971444	C	T	.	.	ALLELEID=959422;CLNDISDB=MedGen:CN517202;CLNDN=not_provided;CLNHGVS=NC_000001.11:g.942246C>T;CLNREVSTAT=criteria_provided,_single_submitter;CLNSIG=Uncertain_significance;CLNVC=single_nucleotide_variant;CLNVCSO=SO:0001483;GENEINFO=SAMD11:148398;MC=SO:0001583|missense_variant;ORIGIN=1
1	942402	1092865	C	A	.	.	ALLELEID=1067655;CLNDISDB=MedGen:CN517202;CLNDN=not_provided;CLNHGVS=NC_000001.11:g.942402C>A;CLNREVSTAT=criteria_provided,_single_submitter;CLNSIG=Likely_benign;CLNVC=single_nucleotide_variant;CLNVCSO=SO:0001483;GENEINFO=SAMD11:148398;MC=SO:0001627|intron_variant;ORIGIN=1
1	942423	838425	G	GC	.	.	ALLELEID=824524;CLNDISDB=MedGen:CN517202;CLNDN=not_provided;CLNHGVS=NC_000001.11:g.942429dup;CLNREVSTAT=criteria_provided,_single_submitter;CLNSIG=Uncertain_significance;CLNVC=Duplication;CLNVCSO=SO:1000035;CLNVI=Invitae:8317737;GENEINFO=SAMD11:148398;MC=SO:0001589|frameshift_variant;ORIGIN=1
1	942424	1046985	C	T	.	.	ALLELEID=1023566;CLNDISDB=MedGen:CN517202;CLNDN=not_provided;CLNHGVS=NC_000001.11:g.942424C>T;CLNREVSTAT=criteria_provided,_single_submitter;CLNSIG=Uncertain_significance;CLNVC=single_nucleotide_variant;CLNVCSO=SO:0001483;GENEINFO=SAMD11:148398;MC=SO:0001583|missense_variant;ORIGIN=1
1	942435	840472	G	A	.	.	ALLELEID=824525;CLNDISDB=MedGen:CN517202;CLNDN=not_provided;CLNHGVS=NC_000001.11:g.942435G>A;CLNREVSTAT=criteria_provided,_single_submitter;CLNSIG=Uncertain_significance;CLNVC=single_nucleotide_variant;CLNVCSO=SO:0001483;GENEINFO=SAMD11:148398;MC=SO:0001819|synonymous_variant;ORIGIN=1
1	942451	836156	T	.	.	.	ALLELEID=824526;CLNDISDB=MedGen:CN517202;CLNDN=not_provided;CLNHGVS=NC_000001.11:g.942451%3D;CLNREVSTAT=criteria_provided,_single_submitter;CLNSIG=Uncertain_significance;CLNVC=Variation;CLNVCSO=SO:0001059;GENEINFO=SAMD11:148398;MC=SO:0001583|missense_variant;ORIGIN=1
1	942463	1058961	C	T	.	.	ALLELEID=1040385;CLNDISDB=MedGen:CN517202;CLNDN=not_provided;CLNHGVS=NC_000001.11:g.942463C>T;CLNREVSTAT=criteria_provided,_single_submitter;CLNSIG=Uncertain_significance;CLNVC=single_nucleotide_variant;CLNVCSO=SO:0001483;GENEINFO=SAMD11:148398;MC=SO:0001583|missense_variant;ORIGIN=1
1	942469	954430	C	T	.	.	ALLELEID=951956;CLNDISDB=MedGen:CN517202;CLNDN=not_provided;CLNHGVS=NC_000001.11:g.942469C>T;CLNREVSTAT=criteria_provided,_single_submitter;CLNSIG=Uncertain_significance;CLNVC=single_nucleotide_variant;CLNVCSO=SO:0001483;GENEINFO=SAMD11:148398;MC=SO:0001583|missense_variant;ORIGIN=1
1	942485	964318	C	T	.	.	ALLELEID=951957;CLNDISDB=MedGen:CN517202;CLNDN=not_provided;CLNHGVS=NC_000001.11:g.942485C>T;CLNREVSTAT=criteria_provided,_single_submitter;CLNSIG=Uncertain_significance;CLNVC=single_nucleotide_variant;CLNVCSO=SO:0001483;GENEINFO=SAMD11:148398;MC=SO:0001583|missense_variant;ORIGIN=1
1	942487	1005034	C	T	.	.	ALLELEID=987806;CLNDISDB=MedGen:CN517202;CLNDN=not_provided;CLNHGVS=NC_000001.11:g.942487C>T;CLNREVSTAT=criteria_provided,_single_submitter;CLNSIG=Uncertain_significance;CLNVC=single_nucleotide_variant;CLNVCSO=SO:0001483;GENEINFO=SAMD11:148398;MC=SO:0001583|missense_variant;ORIGIN=1
1	942508	1052240	C	T	.	.	ALLELEID=1040386;CLNDISDB=MedGen:CN517202;CLNDN=not_provided;CLNHGVS=NC_000001.11:g.942508C>T;CLNREVSTAT=criteria_provided,_single_submitter;CLNSIG=Uncertain_significance;CLNVC=single_nucleotide_variant;CLNVCSO=SO:0001483;GENEINFO=SAMD11:148398;MC=SO:0001627|intron_variant;ORIGIN=1
1	942549	1084990	C	T	.	.	ALLELEID=1067656;CLNDISDB=MedGen:CN517202;CLNDN=not_provided;CLNHGVS=NC_000001.11:g.942549C>T;CLNREVSTAT=criteria_provided,_single_submitter;CLNSIG=Likely_benign;CLNVC=single_nucleotide_variant;CLNVCSO=SO:0001483;GENEINFO=SAMD11:148398;MC=SO:0001627|intron_variant;ORIGIN=1
1	942556	998506	C	T	.	.	ALLELEID=987807;CLNDISDB=MedGen:CN517202;CLNDN=not_provided;CLNHGVS=NC_000001.11:g.942556C>T;CLNREVSTAT=criteria_provided,_single_submitter;CLNSIG=Uncertain_significance;CLNVC=single_nucleotide_variant;CLNVCSO=SO:0001483;GENEINFO=SAMD11:148398;MC=SO:0001627|intron_variant;ORIGIN=1
1	942566	1078132	C	T	.	.	ALLELEID=1067657;CLNDISDB=MedGen:CN517202;CLNDN=not_provided;CLNHGVS=NC_000001.11:g.942566C>T;CLNREVSTAT=criteria_provided,_single_submitter;CLNSIG=Likely_benign;CLNVC=single_nucleotide_variant;CLNVCSO=SO:0001483;GENEINFO=SAMD11:148398;MC=SO:0001819|synonymous_variant;ORIGIN=1
1	942578	1014178	C	T	.	.	ALLELEID=1003069;CLNDISDB=MedGen:CN517202;CLNDN=not_provided;CLNHGVS=NC_000001.11:g.942578C>T;CLNREVSTAT=criteria_provided,_single_submitter;CLNSIG=Uncertain_significance;CLNVC=single_nucleotide_variant;CLNVCSO=SO:0001483;GENEINFO=SAMD11:148398;MC=SO:0001583|missense_variant;ORIGIN=1
1	942585	1058197	G	A	.	.	ALLELEID=1040387;CLNDISDB=MedGen:CN517202;CLNDN=not_provided;CLNHGVS=NC_000001.11:g.942585G>A;CLNREVSTAT=criteria_provided,_single_submitter;CLNSIG=Uncertain_significance;CLNVC=single_nucleotide_variant;CLNVCSO=SO:0001483;GENEINFO=SAMD11:148398;MC=SO:0001583|missense_variant;ORIGIN=1
1	942587	849483	CAGA	C	.	.	ALLELEID=824527;CLNDISDB=MedGen:CN517202;CLNDN=not_provided;CLNHGVS=NC_000001.11:g.942590_942592del;CLNREVSTAT=criteria_provided,_single_submitter;CLNSIG=Uncertain_significance;CLNVC=Deletion;CLNVCSO=SO:0000159;CLNVI=Invitae:9021252;GENEINFO=SAMD11:148398;MC=SO:0001822|inframe_deletion;ORIGIN=1
1	942590	959730	A	G	.	.	ALLELEID=951958;CLNDISDB=MedGen:CN517202;CLNDN=not_provided;CLNHGVS=NC_000001.11:g.942590A>G;CLNREVSTAT=criteria_provided,_single_submitter;CLNSIG=Uncertain_significance;CLNVC=single_nucleotide_variant;CLNVCSO=SO:0001483;GENEINFO=SAMD11:148398;MC=SO:0001583|missense_variant;ORIGIN=1
1	942601	859877	G	C	.	.	ALLELEID=824528;CLNDISDB=MedGen:CN517202;CLNDN=not_provided;CLNHGVS=NC_000001.11:g.942601G>C;CLNREVSTAT=criteria_provided,_single_submitter;CLNSIG=Uncertain_significance;CLNVC=single_nucleotide_variant;CLNVCSO=SO:0001483;GENEINFO=SAMD11:148398;MC=SO:0001583|missense_variant;ORIGIN=1
1	942614	860480	C	A	.	.	ALLELEID=824529;CLNDISDB=MedGen:CN517202;CLNDN=not_provided;CLNHGVS=NC_000001.11:g.942614C>A;CLNREVSTAT=criteria_provided,_single_submitter;CLNSIG=Uncertain_significance;CLNVC=single_nucleotide_variant;CLNVCSO=SO:0001483;GENEINFO=SAMD11:148398;MC=SO:0001583|missense_variant;ORIGIN=1
1	942624	1045404	C	A	.	.	ALLELEID=1023567;CLNDISDB=MedGen:CN517202;CLNDN=not_provided;CLNHGVS=NC_000001.11:g.942624C>A;CLNREVSTAT=criteria_provided,_single_submitter;CLNSIG=Uncertain_significance;CLNVC=single_nucleotide_variant;CLNVCSO=SO:0001483;GENEINFO=SAMD11:148398;MC=SO:0001583|missense_variant;ORIGIN=1
1	942642	1044532	G	A	.	.	ALLELEID=1023568;CLNDISDB=MedGen:CN517202;CLNDN=not_provided;CLNHGVS=NC_000001.11:g.942642G>A;CLNREVSTAT=criteria_provided,_single_submitter;CLNSIG=Uncertain_significance;CLNVC=single_nucleotide_variant;CLNVCSO=SO:0001483;GENEINFO=SAMD11:148398;MC=SO:0001583|missense_variant;ORIGIN=1
1	942648	965463	A	G	.	.	ALLELEID=959423;CLNDISDB=MedGen:CN517202;CLNDN=not_provided;CLNHGVS=NC_000001.11:g.942648A>G;CLNREVSTAT=criteria_provided,_single_submitter;CLNSIG=Uncertain_significance;CLNVC=single_nucleotide_variant;CLNVCSO=SO:0001483;GENEINFO=SAMD11:148398;MC=SO:0001583|missense_variant;ORIGIN=1
1	942653	1054853	G	C	.	.	ALLELEID=1040388;CLNDISDB=MedGen:CN517202;CLNDN=not_provided;CLNHGVS=NC_000001.11:g.942653G>C;CLNREVSTAT=criteria_provided,_single_submitter;CLNSIG=Uncertain_significance;CLNVC=single_nucleotide_variant;CLNVCSO=SO:0001483;GENEINFO=SAMD11:148398;MC=SO:0001583|missense_variant;ORIGIN=1
1	942677	952704	G	T	.	.	ALLELEID=929881;CLNDISDB=MedGen:CN517202;CLNDN=not_provided;CLNHGVS=NC_000001.11:g.942677G>T;CLNREVSTAT=criteria_provided,_single_submitter;CLNSIG=Uncertain_significance;CLNVC=single_nucleotide_variant;CLNVCSO=SO:0001483;GENEINFO=SAMD11:148398;MC=SO:0001583|missense_variant;ORIGIN=1
1	942692	1038382	C	G	.	.	ALLELEID=1023569;CLNDISDB=MedGen:CN517202;CLNDN=not_provided;CLNHGVS=NC_000001.11:g.942692C>G;CLNREVSTAT=criteria_provided,_single_submitter;CLNSIG=Uncertain_significance;CLNVC=single_nucleotide_variant;CLNVCSO=SO:0001483;GENEINFO=SAMD11:148398;MC=SO:0001583|missense_variant;ORIGIN=1
1	942697	966631	C	CCACGG	.	.	ALLELEID=959424;CLNDISDB=MedGen:CN517202;CLNDN=not_provided;CLNHGVS=NC_000001.11:g.942699_942703dup;CLNREVSTAT=criteria_provided,_single_submitter;CLNSIG=Uncertain_significance;CLNVC=Duplication;CLNVCSO=SO:1000035;CLNVI=Invitae:8284002;GENEINFO=SAMD11:148398;MC=SO:0001589|frameshift_variant;ORIGIN=1
1	942701	933602	G	C	.	.	ALLELEID=939750;CLNDISDB=MedGen:CN517202;CLNDN=not_provided;CLNHGVS=NC_000001.11:g.942701G>C;CLNREVSTAT=criteria_provided,_single_submitter;CLNSIG=Uncertain_significance;CLNVC=single_nucleotide_variant;CLNVCSO=SO:0001483;GENEINFO=SAMD11:148398;MC=SO:0001583|missense_variant;ORIGIN=1
1	942710	1024953	C	T	.	.	ALLELEID=1003070;CLNDISDB=MedGen:CN517202;CLNDN=not_provided;CLNHGVS=NC_000001.11:g.942710C>T;CLNREVSTAT=criteria_provided,_single_submitter;CLNSIG=Uncertain_significance;CLNVC=single_nucleotide_variant;CLNVCSO=SO:0001483;GENEINFO=SAMD11:148398;MC=SO:0001583|missense_variant;ORIGIN=1
1	942713	1053259	C	G	.	.	ALLELEID=1040389;CLNDISDB=MedGen:CN517202;CLNDN=not_provided;CLNHGVS=NC_000001.11:g.942713C>G;CLNREVSTAT=criteria_provided,_single_submitter;CLNSIG=Uncertain_significance;CLNVC=single_nucleotide_variant;CLNVCSO=SO:0001483;GENEINFO=SAMD11:148398;MC=SO:0001583|missense_variant;ORIGIN=1
1	942724	1008008	G	GC	.	.	ALLELEID=987808;CLNDISDB=MedGen:CN517202;CLNDN=not_provided;CLNHGVS=NC_000001.11:g.942731dup;CLNREVSTAT=criteria_provided,_single_submitter;CLNSIG=Uncertain_significance;CLNVC=Duplication;CLNVCSO=SO:1000035;CLNVI=Invitae:6913044;GENEINFO=SAMD11:148398;MC=SO:0001589|frameshift_variant;ORIGIN=1
1	942740	956033	C	T	.	.	ALLELEID=951959;CLNDISDB=MedGen:CN517202;CLNDN=not_provided;CLNHGVS=NC_000001.11:g.942740C>T;CLNREVSTAT=criteria_provided,_single_submitter;CLNSIG=Uncertain_significance;CLNVC=single_nucleotide_variant;CLNVCSO=SO:0001483;GENEINFO=SAMD11:148398;MC=SO:0001583|missense_variant;ORIGIN=1
1	942752	999421	C	A	.	.	ALLELEID=987809;CLNDISDB=MedGen:CN517202;CLNDN=not_provided;CLNHGVS=NC_000001.11:g.942752C>A;CLNREVSTAT=criteria_provided,_single_submitter;CLNSIG=Uncertain_significance;CLNVC=single_nucleotide_variant;CLNVCSO=SO:0001483;GENEINFO=SAMD11:148398;MC=SO:0001583|missense_variant;ORIGIN=1
1	942759	1053389	C	A	.	.	ALLELEID=1040390;CLNDISDB=MedGen:CN517202;CLNDN=not_provided;CLNHGVS=NC_000001.11:g.942759C>A;CLNREVSTAT=criteria_provided,_single_submitter;CLNSIG=Uncertain_significance;CLNVC=single_nucleotide_variant;CLNVCSO=SO:0001483;GENEINFO=SAMD11:148398;MC=SO:0001583|missense_variant;ORIGIN=1
1	942762	1007375	C	T	.	.	ALLELEID=987810;CLNDISDB=MedGen:CN517202;CLNDN=not_provided;CLNHGVS=NC_000001.11:g.942762C>T;CLNREVSTAT=criteria_provided,_single_submitter;CLNSIG=Uncertain_significance;CLNVC=single_nucleotide_variant;CLNVCSO=SO:0001483;GENEINFO=SAMD11:148398;MC=SO:0001583|missense_variant;ORIGIN=1
1	942768	1052010	G	C	.	.	ALLELEID=1040391;CLNDISDB=MedGen:CN517202;CLNDN=not_provided;CLNHGVS=NC_000001.11:g.942768G>C;CLNREVSTAT=criteria_provided,_single_submitter;CLNSIG=Uncertain_significance;CLNVC=single_nucleotide_variant;CLNVCSO=SO:0001483;GENEINFO=SAMD11:148398;MC=SO:0001583|missense_variant;ORIGIN=1
1	942776	838673	G	A	.	.	ALLELEID=824530;CLNDISDB=MedGen:CN517202;CLNDN=not_provided;CLNHGVS=NC_000001.11:g.942776G>A;CLNREVSTAT=criteria_provided,_single_submitter;CLNSIG=Uncertain_significance;CLNVC=single_nucleotide_variant;CLNVCSO=SO:0001483;GENEINFO=SAMD11:148398;MC=SO:0001583|missense_variant;ORIGIN=1
1	942779	860462	C	T	.	.	ALLELEID=824531;CLNDISDB=MedGen:CN517202;CLNDN=not_provided;CLNHGVS=NC_000001.11:g.942779C>T;CLNREVSTAT=criteria_provided,_single_submitter;CLNSIG=Uncertain_significance;CLNVC=single_nucleotide_variant;CLNVCSO=SO:0001483;GENEINFO=SAMD11:148398;MC=SO:0001583|missense_variant;ORIGIN=1
1	942791	967631	C	T	.	.	ALLELEID=959425;CLNDISDB=MedGen:CN517202;CLNDN=not_provided;CLNHGVS=NC_000001.11:g.942791C>T;CLNREVSTAT=criteria_provided,_single_submitter;CLNSIG=Uncertain_significance;CLNVC=single_nucleotide_variant;CLNVCSO=SO:0001483;GENEINFO=SAMD11:148398;MC=SO:0001583|missense_variant;ORIGIN=1
1	942800	840797	G	A	.	.	ALLELEID=824532;CLNDISDB=MedGen:CN517202;CLNDN=not_provided;CLNHGVS=NC_000001.11:g.942800G>A;CLNREVSTAT=criteria_provided,_single_submitter;CLNSIG=Uncertain_significance;CLNVC=single_nucleotide_variant;CLNVCSO=SO:0001483;GENEINFO=SAMD11:148398;MC=SO:0001583|missense_variant;ORIGIN=1
1	942819	1042884	C	T	.	.	ALLELEID=1023570;CLNDISDB=MedGen:CN517202;CLNDN=not_provided;CLNHGVS=NC_000001.11:g.942819C>T;CLNREVSTAT=criteria_provided,_single_submitter;CLNSIG=Uncertain_significance;CLNVC=single_nucleotide_variant;CLNVCSO=SO:0001483;GENEINFO=SAMD11:148398;MC=SO:0001583|missense_variant;ORIGIN=1
1	942834	1060504	C	T	.	.	ALLELEID=1040392;CLNDISDB=MedGen:CN517202;CLNDN=not_provided;CLNHGVS=NC_000001.11:g.942834C>T;CLNREVSTAT=criteria_provided,_single_submitter;CLNSIG=Uncertain_significance;CLNVC=single_nucleotide_variant;CLNVCSO=SO:0001483;GENEINFO=SAMD11:148398;MC=SO:0001583|missense_variant;ORIGIN=1
1	942846	948328	C	T	.	.	ALLELEID=929882;CLNDISDB=MedGen:CN517202;CLNDN=not_provided;CLNHGVS=NC_000001.11:g.942846C>T;CLNREVSTAT=criteria_provided,_single_submitter;CLNSIG=Uncertain_significance;CLNVC=single_nucleotide_variant;CLNVCSO=SO:0001483;GENEINFO=SAMD11:148398;MC=SO:0001583|missense_variant;ORIGIN=1
1	942851	943743	G	A	.	.	ALLELEID=939751;CLNDISDB=MedGen:CN517202;CLNDN=not_provided;CLNHGVS=NC_000001.11:g.942851G>A;CLNREVSTAT=criteria_provided,_single_submitter;CLNSIG=Uncertain_significance;CLNVC=single_nucleotide_variant;CLNVCSO=SO:0001483;GENEINFO=SAMD11:148398;MC=SO:0001583|missense_variant;ORIGIN=1
1	942857	1055598	C	T	.	.	ALLELEID=1040393;CLNDISDB=MedGen:CN517202;CLNDN=not_provided;CLNHGVS=NC_000001.11:g.942857C>T;CLNREVSTAT=criteria_provided,_single_submitter;CLNSIG=Uncertain_significance;CLNVC=single_nucleotide_variant;CLNVCSO=SO:0001483;GENEINFO=SAMD11:148398;MC=SO:0001583|missense_variant;ORIGIN=1
1	942864	972129	C	T	.	.	ALLELEID=959426;CLNDISDB=MedGen:CN517202;CLNDN=not_provided;CLNHGVS=NC_000001.11:g.942864C>T;CLNREVSTAT=criteria_provided,_single_submitter;CLNSIG=Uncertain_significance;CLNVC=single_nucleotide_variant;CLNVCSO=SO:0001483;GENEINFO=SAMD11:148398;MC=SO:0001583|missense_variant;ORIGIN=1
1	942874	1055478	C	T	.	.	ALLELEID=1040394;CLNDISDB=MedGen:CN517202;CLNDN=not_provided;CLNHGVS=NC_000001.11:g.942874C>T;CLNREVSTAT=criteria_provided,_single_submitter;CLNSIG=Uncertain_significance;CLNVC=single_nucleotide_variant;CLNVCSO=SO:0001483;GENEINFO=SAMD11:148398;MC=SO:0001819|synonymous_variant;ORIGIN=1
1	942877	1091366	G	A	.	.	ALLELEID=1067658;CLNDISDB=MedGen:CN517202;CLNDN=not_provided;CLNHGVS=NC_000001.11:g.942877G>A;CLNREVSTAT=criteria_provided,_single_submitter;CLNSIG=Likely_benign;CLNVC=single_nucleotide_variant;CLNVCSO=SO:0001483;GENEINFO=SAMD11:148398;MC=SO:0001819|synonymous_variant;ORIGIN=1
1	942887	969727	C	T	.	.	ALLELEID=959427;CLNDISDB=MedGen:CN517202;CLNDN=not_provided;CLNHGVS=NC_000001.11:g.942887C>T;CLNREVSTAT=criteria_provided,_single_submitter;CLNSIG=Uncertain_significance;CLNVC=single_nucleotide_variant;CLNVCSO=SO:0001483;GENEINFO=SAMD11:148398;MC=SO:0001583|missense_variant;ORIGIN=1
1	942891	1056825	C	G	.	.	ALLELEID=1040395;CLNDISDB=MedGen:CN517202;CLNDN=not_provided;CLNHGVS=NC_000001.11:g.942891C>G;CLNREVSTAT=criteria_provided,_single_submitter;CLNSIG=Uncertain_significance;CLNVC=single_nucleotide_variant;CLNVCSO=SO:0001483;GENEINFO=SAMD11:148398;MC=SO:0001583|missense_variant;ORIGIN=1
1	942899	838020	TCGGA	T	.	.	ALLELEID=824533;CLNDISDB=MedGen:CN517202;CLNDN=not_provided;CLNHGVS=NC_000001.11:g.942900_942903CGGA[1];CLNREVSTAT=criteria_provided,_single_submitter;CLNSIG=Uncertain_significance;CLNVC=Microsatellite;CLNVCSO=SO:0000289;CLNVI=Invitae:8870977;GENEINFO=SAMD11:148398;MC=SO:0001589|frameshift_variant;ORIGIN=1
1	942914	1007470	C	T	.	.	ALLELEID=987811;CLNDISDB=MedGen:CN517202;CLNDN=not_provided;CLNHGVS=NC_000001.11:g.942914C>T;CLNREVSTAT=criteria_provided,_single_submitter;CLNSIG=Uncertain_significance;CLNVC=single_nucleotide_variant;CLNVCSO=SO:0001483;GENEINFO=SAMD11:148398;MC=SO:0001583|missense_variant;ORIGIN=1
1	942927	1063067	C	T	.	.	ALLELEID=1040396;CLNDISDB=MedGen:CN517202;CLNDN=not_provided;CLNHGVS=NC_000001.11:g.942927C>T;CLNREVSTAT=criteria_provided,_single_submitter;CLNSIG=Uncertain_significance;CLNVC=single_nucleotide_variant;CLNVCSO=SO:0001483;GENEINFO=SAMD11:148398;MC=SO:0001583|missense_variant;ORIGIN=1
1	942929	955365	G	A	.	.	ALLELEID=951960;CLNDISDB=MedGen:CN517202;CLNDN=not_provided;CLNHGVS=NC_000001.11:g.942929G>A;CLNREVSTAT=criteria_provided,_single_submitter;CLNSIG=Uncertain_significance;CLNVC=single_nucleotide_variant;CLNVCSO=SO:0001483;GENEINFO=SAMD11:148398;MC=SO:0001583|missense_variant;ORIGIN=1
1	942938	862587	A	G	.	.	ALLELEID=824534;CLNDISDB=MedGen:CN517202;CLNDN=not_provided;CLNHGVS=NC_000001.11:g.942938A>G;CLNREVSTAT=criteria_provided,_single_submitter;CLNSIG=Uncertain_significance;CLNVC=single_nucleotide_variant;CLNVCSO=SO:0001483;GENEINFO=SAMD11:148398;MC=SO:0001583|missense_variant;ORIGIN=1
1	942938	1016485	AG	A	.	.	ALLELEID=1003071;CLNDISDB=MedGen:CN517202;CLNDN=not_provided;CLNHGVS=NC_000001.11:g.942943del;CLNREVSTAT=criteria_provided,_single_submitter;CLNSIG=Uncertain_significance;CLNVC=Deletion;CLNVCSO=SO:0000159;CLNVI=Invitae:11757329;GENEINFO=SAMD11:148398;MC=SO:0001589|frameshift_variant;ORIGIN=1
1	942942	1036325	G	A	.	.	ALLELEID=1023571;CLNDISDB=MedGen:CN517202;CLNDN=not_provided;CLNHGVS=NC_000001.11:g.942942G>A;CLNREVSTAT=criteria_provided,_single_submitter;CLNSIG=Uncertain_significance;CLNVC=single_nucleotide_variant;CLNVCSO=SO:0001483;GENEINFO=SAMD11:148398;MC=SO:0001583|missense_variant;ORIGIN=1
1	942948	1064393	C	T	.	.	ALLELEID=1040397;CLNDISDB=MedGen:CN517202;CLNDN=not_provided;CLNHGVS=NC_000001.11:g.942948C>T;CLNREVSTAT=criteria_provided,_single_submitter;CLNSIG=Uncertain_significance;CLNVC=single_nucleotide_variant;CLNVCSO=SO:0001483;GENEINFO=SAMD11:148398;MC=SO:0001583|missense_variant;ORIGIN=1
1	942965	862235	G	C	.	.	ALLELEID=824535;CLNDISDB=MedGen:CN517202;CLNDN=not_provided;CLNHGVS=NC_000001.11:g.942965G>C;CLNREVSTAT=criteria_provided,_single_submitter;CLNSIG=Uncertain_significance;CLNVC=single_nucleotide_variant;CLNVCSO=SO:0001483;GENEINFO=SAMD11:148398;MC=SO:0001583|missense_variant;ORIGIN=1
1	942970	1079395	A	C	.	.	ALLELEID=1067659;CLNDISDB=MedGen:CN517202;CLNDN=not_provided;CLNHGVS=NC_000001.11:g.942970A>C;CLNREVSTAT=criteria_provided,_single_submitter;CLNSIG=Likely_benign;CLNVC=single_nucleotide_variant;CLNVCSO=SO:0001483;GENEINFO=SAMD11:148398;MC=SO:0001819|synonymous_variant;ORIGIN=1
1	942983	835651	G	A	.	.	ALLELEID=824536;CLNDISDB=MedGen:CN517202;CLNDN=not_provided;CLNHGVS=NC_000001.11:g.942983G>A;CLNREVSTAT=criteria_provided,_single_submitter;CLNSIG=Uncertain_significance;CLNVC=single_nucleotide_variant;CLNVCSO=SO:0001483;GENEINFO=SAMD11:148398;MC=SO:0001583|missense_variant;ORIGIN=1
1	942987	1022880	G	A	.	.	ALLELEID=1003072;CLNDISDB=MedGen:CN517202;CLNDN=not_provided;CLNHGVS=NC_000001.11:g.942987G>A;CLNREVSTAT=criteria_provided,_single_submitter;CLNSIG=Uncertain_significance;CLNVC=single_nucleotide_variant;CLNVCSO=SO:0001483;GENEINFO=SAMD11:148398;MC=SO:0001583|missense_variant;ORIGIN=1
1	943017	841641	C	T	.	.	ALLELEID=824537;CLNDISDB=MedGen:CN517202;CLNDN=not_provided;CLNHGVS=NC_000001.11:g.943017C>T;CLNREVSTAT=criteria_provided,_single_submitter;CLNSIG=Uncertain_significance;CLNVC=single_nucleotide_variant;CLNVCSO=SO:0001483;GENEINFO=SAMD11:148398;MC=SO:0001583|missense_variant;ORIGIN=1
1	943029	854379	C	T	.	.	ALLELEID=824538;CLNDISDB=MedGen:CN517202;CLNDN=not_provided;CLNHGVS=NC_000001.11:g.943029C>T;CLNREVSTAT=criteria_provided,_single_submitter;CLNSIG=Uncertain_significance;CLNVC=single_nucleotide_variant;CLNVCSO=SO:0001483;GENEINFO=SAMD11:148398;MC=SO:0001583|missense_variant;ORIGIN=1
1	943031	1058203	T	C	.	.	ALLELEID=1040398;CLNDISDB=MedGen:CN517202;CLNDN=not_provided;CLNHGVS=NC_000001.11:g.943031T>C;CLNREVSTAT=criteria_provided,_single_submitter;CLNSIG=Uncertain_significance;CLNVC=single_nucleotide_variant;CLNVCSO=SO:0001483;GENEINFO=SAMD11:148398;MC=SO:0001583|missense_variant;ORIGIN=1
1	943033	1084704	T	C	.	.	ALLELEID=1067660;CLNDISDB=MedGen:CN517202;CLNDN=not_provided;CLNHGVS=NC_000001.11:g.943033T>C;CLNREVSTAT=criteria_provided,_single_submitter;CLNSIG=Likely_benign;CLNVC=single_nucleotide_variant;CLNVCSO=SO:0001483;GENEINFO=SAMD11:148398;MC=SO:0001819|synonymous_variant;ORIGIN=1
1	943043	839655	C	T	.	.	ALLELEID=824539;CLNDISDB=MedGen:CN517202;CLNDN=not_provided;CLNHGVS=NC_000001.11:g.943043C>T;CLNREVSTAT=criteria_provided,_single_submitter;CLNSIG=Uncertain_significance;CLNVC=single_nucleotide_variant;CLNVCSO=SO:0001483;GENEINFO=SAMD11:148398;MC=SO:0001583|missense_variant;ORIGIN=1
1	943057	1047402	AGGTGG	A	.	.	ALLELEID=1023572;CLNDISDB=MedGen:CN517202;CLNDN=not_provided;CLNHGVS=NC_000001.11:g.943059_943063del;CLNREVSTAT=criteria_provided,_single_submitter;CLNSIG=Uncertain_significance;CLNVC=Deletion;CLNVCSO=SO:0000159;CLNVI=Invitae:10373762;GENEINFO=SAMD11:148398;MC=SO:0001575|splice_donor_variant;ORIGIN=1
1	943242	1094940	C	G	.	.	ALLELEID=1067661;CLNDISDB=MedGen:CN517202;CLNDN=not_provided;CLNHGVS=NC_000001.11:g.943242C>G;CLNREVSTAT=criteria_provided,_single_submitter;CLNSIG=Likely_benign;CLNVC=single_nucleotide_variant;CLNVCSO=SO:0001483;GENEINFO=SAMD11:148398;MC=SO:0001627|intron_variant;ORIGIN=1
1	943250	960978	C	T	.	.	ALLELEID=959513;CLNDISDB=MedGen:CN517202;CLNDN=not_provided;CLNHGVS=NC_000001.11:g.943250C>T;CLNREVSTAT=criteria_provided,_single_submitter;CLNSIG=Uncertain_significance;CLNVC=single_nucleotide_variant;CLNVCSO=SO:0001483;GENEINFO=SAMD11:148398;MC=SO:0001627|intron_variant;ORIGIN=1
1	943252	1020249	G	T	.	.	ALLELEID=1003073;CLNDISDB=MedGen:CN517202;CLNDN=not_provided;CLNHGVS=NC_000001.11:g.943252G>T;CLNREVSTAT=criteria_provided,_single_submitter;CLNSIG=Uncertain_significance;CLNVC=single_nucleotide_variant;CLNVCSO=SO:0001483;GENEINFO=SAMD11:148398;MC=SO:0001574|splice_acceptor_variant;ORIGIN=1
1	943271	1014818	C	T	.	.	ALLELEID=1003074;CLNDISDB=MedGen:CN517202;CLNDN=not_provided;CLNHGVS=NC_000001.11:g.943271C>T;CLNREVSTAT=criteria_provided,_single_submitter;CLNSIG=Uncertain_significance;CLNVC=single_nucleotide_variant;CLNVCSO=SO:0001483;GENEINFO=SAMD11:148398;MC=SO:0001583|missense_variant;ORIGIN=1
1	943278	1004565	T	G	.	.	ALLELEID=987812;CLNDISDB=MedGen:CN517202;CLNDN=not_provided;CLNHGVS=NC_000001.11:g.943278T>G;CLNREVSTAT=criteria_provided,_single_submitter;CLNSIG=Uncertain_significance;CLNVC=single_nucleotide_variant;CLNVCSO=SO:0001483;GENEINFO=SAMD11:148398;MC=SO:0001583|missense_variant;ORIGIN=1
1	943279	1051947	G	A	.	.	ALLELEID=1040399;CLNDISDB=MedGen:CN517202;CLNDN=not_provided;CLNHGVS=NC_000001.11:g.943279G>A;CLNREVSTAT=criteria_provided,_single_submitter;CLNSIG=Uncertain_significance;CLNVC=single_nucleotide_variant;CLNVCSO=SO:0001483;GENEINFO=SAMD11:148398;MC=SO:0001583|missense_variant;ORIGIN=1
1	943280	943368	GGGA	G	.	.	ALLELEID=939752;CLNDISDB=MedGen:CN517202;CLNDN=not_provided;CLNHGVS=NC_000001.11:g.943283AGG[1];CLNREVSTAT=criteria_provided,_single_submitter;CLNSIG=Uncertain_significance;CLNVC=Microsatellite;CLNVCSO=SO:0000289;CLNVI=Invitae:7586905;GENEINFO=SAMD11:148398;MC=SO:0001822|inframe_deletion;ORIGIN=1
1	943284	1089742	G	A	.	.	ALLELEID=1067662;CLNDISDB=MedGen:CN517202;CLNDN=not_provided;CLNHGVS=NC_000001.11:g.943284G>A;CLNREVSTAT=criteria_provided,_single_submitter;CLNSIG=Likely_benign;CLNVC=single_nucleotide_variant;CLNVCSO=SO:0001483;GENEINFO=SAMD11:148398;MC=SO:0001819|synonymous_variant;ORIGIN=1
1	943290	1097472	C	T	.	.	ALLELEID=1067663;CLNDISDB=MedGen:CN517202;CLNDN=not_provided;CLNHGVS=NC_000001.11:g.943290C>T;CLNREVSTAT=criteria_provided,_single_submitter;CLNSIG=Likely_benign;CLNVC=single_nucleotide_variant;CLNVCSO=SO:0001483;GENEINFO=SAMD11:148398;MC=SO:0001819|synonymous_variant;ORIGIN=1
1	943296	1084388	C	T	.	.	ALLELEID=1067664;CLNDISDB=MedGen:CN517202;CLNDN=not_provided;CLNHGVS=NC_000001.11:g.943296C>T;CLNREVSTAT=criteria_provided,_single_submitter;CLNSIG=Likely_benign;CLNVC=single_nucleotide_variant;CLNVCSO=SO:0001483;GENEINFO=SAMD11:148398;MC=SO:0001819|synonymous_variant;ORIGIN=1
1	943311	1079451	C	T	.	.	ALLELEID=1067665;CLNDISDB=MedGen:CN517202;CLNDN=not_provided;CLNHGVS=NC_000001.11:g.943311C>T;CLNREVSTAT=criteria_provided,_single_submitter;CLNSIG=Likely_benign;CLNVC=single_nucleotide_variant;CLNVCSO=SO:0001483;GENEINFO=SAMD11:148398;MC=SO:0001819|synonymous_variant;ORIGIN=1
1	943312	1011134	A	G	.	.	ALLELEID=987813;CLNDISDB=MedGen:CN517202;CLNDN=not_provided;CLNHGVS=NC_000001.11:g.943312A>G;CLNREVSTAT=criteria_provided,_single_submitter;CLNSIG=Uncertain_significance;CLNVC=single_nucleotide_variant;CLNVCSO=SO:0001483;GENEINFO=SAMD11:148398;MC=SO:0001583|missense_variant;ORIGIN=1
1	943313	941103	A	C	.	.	ALLELEID=939753;CLNDISDB=MedGen:CN517202;CLNDN=not_provided;CLNHGVS=NC_000001.11:g.943313A>C;CLNREVSTAT=criteria_provided,_single_submitter;CLNSIG=Uncertain_significance;CLNVC=single_nucleotide_variant;CLNVCSO=SO:0001483;GENEINFO=SAMD11:148398;MC=SO:0001583|missense_variant;ORIGIN=1
1	943325	1000318	A	G	.	.	ALLELEID=987814;CLNDISDB=MedGen:CN517202;CLNDN=not_provided;CLNHGVS=NC_000001.11:g.943325A>G;CLNREVSTAT=criteria_provided,_single_submitter;CLNSIG=Uncertain_significance;CLNVC=single_nucleotide_variant;CLNVCSO=SO:0001483;GENEINFO=SAMD11:148398;MC=SO:0001583|missense_variant;ORIGIN=1
1	943332	1084883	C	T	.	.	ALLELEID=1067666;CLNDISDB=MedGen:CN517202;CLNDN=not_provided;CLNHGVS=NC_000001.11:g.943332C>T;CLNREVSTAT=criteria_provided,_single_submitter;CLNSIG=Likely_benign;CLNVC=single_nucleotide_variant;CLNVCSO=SO:0001483;GENEINFO=SAMD11:148398;MC=SO:0001819|synonymous_variant;ORIGIN=1
1	943344	961290	G	A	.	.	ALLELEID=951961;CLNDISDB=MedGen:CN517202;CLNDN=not_provided;CLNHGVS=NC_000001.11:g.943344G>A;CLNREVSTAT=criteria_provided,_single_submitter;CLNSIG=Uncertain_significance;CLNVC=single_nucleotide_variant;CLNVCSO=SO:0001483;GENEINFO=SAMD11:148398;MC=SO:0001819|synonymous_variant;ORIGIN=1
1	943355	956878	C	T	.	.	ALLELEID=951962;CLNDISDB=MedGen:CN517202;CLNDN=not_provided;CLNHGVS=NC_000001.11:g.943355C>T;CLNREVSTAT=criteria_provided,_single_submitter;CLNSIG=Uncertain_significance;CLNVC=single_nucleotide_variant;CLNVCSO=SO:0001483;GENEINFO=SAMD11:148398;MC=SO:0001583|missense_variant;ORIGIN=1
1	943363	969117	G	C	.	.	ALLELEID=959428;CLNDISDB=MedGen:CN517202;CLNDN=not_provided;CLNHGVS=NC_000001.11:g.943363G>C;CLNREVSTAT=criteria_provided,_single_submitter;CLNSIG=Uncertain_significance;CLNVC=single_nucleotide_variant;CLNVCSO=SO:0001483;GENEINFO=SAMD11:148398;MC=SO:0001583|missense_variant;ORIGIN=1
1	943714	961140	G	A	.	.	ALLELEID=951963;CLNDISDB=MedGen:CN517202;CLNDN=not_provided;CLNHGVS=NC_000001.11:g.943714G>A;CLNREVSTAT=criteria_provided,_single_submitter;CLNSIG=Uncertain_significance;CLNVC=single_nucleotide_variant;CLNVCSO=SO:0001483;GENEINFO=SAMD11:148398;MC=SO:0001583|missense_variant;ORIGIN=1
1	943729	1015683	C	T	.	.	ALLELEID=1003075;CLNDISDB=MedGen:CN517202;CLNDN=not_provided;CLNHGVS=NC_000001.11:g.943729C>T;CLNREVSTAT=criteria_provided,_single_submitter;CLNSIG=Uncertain_significance;CLNVC=single_nucleotide_variant;CLNVCSO=SO:0001483;GENEINFO=SAMD11:148398;MC=SO:0001583|missense_variant;ORIGIN=1
1	943733	1089213	G	A	.	.	ALLELEID=1067667;CLNDISDB=MedGen:CN517202;CLNDN=not_provided;CLNHGVS=NC_000001.11:g.943733G>A;CLNREVSTAT=criteria_provided,_single_submitter;CLNSIG=Likely_benign;CLNVC=single_nucleotide_variant;CLNVCSO=SO:0001483;GENEINFO=SAMD11:148398;MC=SO:0001819|synonymous_variant;ORIGIN=1
1	943734	961202	C	T	.	.	ALLELEID=951964;CLNDISDB=MedGen:CN517202;CLNDN=not_provided;CLNHGVS=NC_000001.11:g.943734C>T;CLNREVSTAT=criteria_provided,_single_submitter;CLNSIG=Uncertain_significance;CLNVC=single_nucleotide_variant;CLNVCSO=SO:0001483;GENEINFO=SAMD11:148398;MC=SO:0001583|missense_variant;ORIGIN=1
1	943736	1006740	ACTGCTGACGGAGGAGCAC	A	.	.	ALLELEID=987815;CLNDISDB=MedGen:CN517202;CLNDN=not_provided;CLNHGVS=NC_000001.11:g.943745_943762del;CLNREVSTAT=criteria_provided,_single_submitter;CLNSIG=Uncertain_significance;CLNVC=Deletion;CLNVCSO=SO:0000159;CLNVI=Invitae:10194940;GENEINFO=SAMD11:148398;MC=SO:0001822|inframe_deletion;ORIGIN=1
1	943745	1036510	G	A	.	.	ALLELEID=1023573;CLNDISDB=MedGen:CN517202;CLNDN=not_provided;CLNHGVS=NC_000001.11:g.943745G>A;CLNREVSTAT=criteria_provided,_single_submitter;CLNSIG=Uncertain_significance;CLNVC=single_nucleotide_variant;CLNVCSO=SO:0001483;GENEINFO=SAMD11:148398;MC=SO:0001819|synonymous_variant;ORIGIN=1
1	943762	1090079	C	G	.	.	ALLELEID=1067668;CLNDISDB=MedGen:CN517202;CLNDN=not_provided;CLNHGVS=NC_000001.11:g.943762C>G;CLNREVSTAT=criteria_provided,_single_submitter;CLNSIG=Likely_benign;CLNVC=single_nucleotide_variant;CLNVCSO=SO:0001483;GENEINFO=SAMD11:148398;MC=SO:0001583|missense_variant;ORIGIN=1
1	943773	1001480	C	A	.	.	ALLELEID=987816;CLNDISDB=MedGen:CN517202;CLNDN=not_provided;CLNHGVS=NC_000001.11:g.943773C>A;CLNREVSTAT=criteria_provided,_single_submitter;CLNSIG=Uncertain_significance;CLNVC=single_nucleotide_variant;CLNVCSO=SO:0001483;GENEINFO=SAMD11:148398;MC=SO:0001583|missense_variant;ORIGIN=1
1	943774	1060978	T	TGAAGCTGGGGCC	.	.	ALLELEID=1040400;CLNDISDB=MedGen:CN517202;CLNDN=not_provided;CLNHGVS=NC_000001.11:g.943775_943786dup;CLNREVSTAT=criteria_provided,_single_submitter;CLNSIG=Uncertain_significance;CLNVC=Duplication;CLNVCSO=SO:1000035;CLNVI=Invitae:10750739;GENEINFO=SAMD11:148398;MC=SO:0001821|inframe_insertion;ORIGIN=1
1	943779	848204	C	G	.	.	ALLELEID=824540;CLNDISDB=MedGen:CN517202;CLNDN=not_provided;CLNHGVS=NC_000001.11:g.943779C>G;CLNREVSTAT=criteria_provided,_single_submitter;CLNSIG=Uncertain_significance;CLNVC=single_nucleotide_variant;CLNVCSO=SO:0001483;GENEINFO=SAMD11:148398;MC=SO:0001583|missense_variant;ORIGIN=1
1	943801	953764	G	A	.	.	ALLELEID=951965;CLNDISDB=MedGen:CN517202;CLNDN=not_provided;CLNHGVS=NC_000001.11:g.943801G>A;CLNREVSTAT=criteria_provided,_single_submitter;CLNSIG=Uncertain_significance;CLNVC=single_nucleotide_variant;CLNVCSO=SO:0001483;GENEINFO=SAMD11:148398;MC=SO:0001583|missense_variant;ORIGIN=1
1	943804	955433	C	T	.	.	ALLELEID=951966;CLNDISDB=MedGen:CN517202;CLNDN=not_provided;CLNHGVS=NC_000001.11:g.943804C>T;CLNREVSTAT=criteria_provided,_single_submitter;CLNSIG=Uncertain_significance;CLNVC=single_nucleotide_variant;CLNVCSO=SO:0001483;GENEINFO=SAMD11:148398;MC=SO:0001583|missense_variant;ORIGIN=1
1	943909	862830	T	G	.	.	ALLELEID=824541;CLNDISDB=MedGen:CN517202;CLNDN=not_provided;CLNHGVS=NC_000001.11:g.943909T>G;CLNREVSTAT=criteria_provided,_single_submitter;CLNSIG=Uncertain_significance;CLNVC=single_nucleotide_variant;CLNVCSO=SO:0001483;GENEINFO=SAMD11:148398;MC=SO:0001583|missense_variant;ORIGIN=1
1	943914	1022147	A	G	.	.	ALLELEID=1003076;CLNDISDB=MedGen:CN517202;CLNDN=not_provided;CLNHGVS=NC_000001.11:g.943914A>G;CLNREVSTAT=criteria_provided,_single_submitter;CLNSIG=Uncertain_significance;CLNVC=single_nucleotide_variant;CLNVCSO=SO:0001483;GENEINFO=SAMD11:148398;MC=SO:0001583|missense_variant;ORIGIN=1
1	943917	847407	C	T	.	.	ALLELEID=824542;CLNDISDB=MedGen:CN517202;CLNDN=not_provided;CLNHGVS=NC_000001.11:g.943917C>T;CLNREVSTAT=criteria_provided,_single_submitter;CLNSIG=Uncertain_significance;CLNVC=single_nucleotide_variant;CLNVCSO=SO:0001483;GENEINFO=SAMD11:148398;MC=SO:0001583|missense_variant;ORIGIN=1
1	943926	839529	C	G	.	.	ALLELEID=824543;CLNDISDB=MedGen:CN517202;CLNDN=not_provided;CLNHGVS=NC_000001.11:g.943926C>G;CLNREVSTAT=criteria_provided,_single_submitter;CLNSIG=Uncertain_significance;CLNVC=single_nucleotide_variant;CLNVCSO=SO:0001483;GENEINFO=SAMD11:148398;MC=SO:0001583|missense_variant;ORIGIN=1
1	943931	961975	TTTC	T	.	.	ALLELEID=951967;CLNDISDB=MedGen:CN517202;CLNDN=not_provided;CLNHGVS=NC_000001.11:g.943933_943935del;CLNREVSTAT=criteria_provided,_single_submitter;CLNSIG=Uncertain_significance;CLNVC=Deletion;CLNVCSO=SO:0000159;CLNVI=Invitae:7794128;GENEINFO=SAMD11:148398;MC=SO:0001822|inframe_deletion;ORIGIN=1
1	943933	961813	T	C	.	.	ALLELEID=951968;CLNDISDB=MedGen:CN517202;CLNDN=not_provided;CLNHGVS=NC_000001.11:g.943933T>C;CLNREVSTAT=criteria_provided,_single_submitter;CLNSIG=Uncertain_significance;CLNVC=single_nucleotide_variant;CLNVCSO=SO:0001483;GENEINFO=SAMD11:148398;MC=SO:0001583|missense_variant;ORIGIN=1
1	943942	957950	C	T	.	.	ALLELEID=951969;CLNDISDB=MedGen:CN517202;CLNDN=not_provided;CLNHGVS=NC_000001.11:g.943942C>T;CLNREVSTAT=criteria_provided,_single_submitter;CLNSIG=Uncertain_significance;CLNVC=single_nucleotide_variant;CLNVCSO=SO:0001483;GENEINFO=SAMD11:148398;MC=SO:0001583|missense_variant;ORIGIN=1
1	943957	1051647	C	G	.	.	ALLELEID=1040401;CLNDISDB=MedGen:CN517202;CLNDN=not_provided;CLNHGVS=NC_000001.11:g.943957C>G;CLNREVSTAT=criteria_provided,_single_submitter;CLNSIG=Uncertain_significance;CLNVC=single_nucleotide_variant;CLNVCSO=SO:0001483;GENEINFO=SAMD11:148398;MC=SO:0001583|missense_variant;ORIGIN=1
1	943972	1008282	C	T	.	.	ALLELEID=987817;CLNDISDB=MedGen:CN517202;CLNDN=not_provided;CLNHGVS=NC_000001.11:g.943972C>T;CLNREVSTAT=criteria_provided,_single_submitter;CLNSIG=Uncertain_significance;CLNVC=single_nucleotide_variant;CLNVCSO=SO:0001483;GENEINFO=SAMD11:148398;MC=SO:0001583|missense_variant;ORIGIN=1
1	943974	951713	C	G	.	.	ALLELEID=929883;CLNDISDB=MedGen:CN517202;CLNDN=not_provided;CLNHGVS=NC_000001.11:g.943974C>G;CLNREVSTAT=criteria_provided,_single_submitter;CLNSIG=Uncertain_significance;CLNVC=single_nucleotide_variant;CLNVCSO=SO:0001483;GENEINFO=SAMD11:148398;MC=SO:0001583|missense_variant;ORIGIN=1
1	943983	1036084	C	T	.	.	ALLELEID=1023574;CLNDISDB=MedGen:CN517202;CLNDN=not_provided;CLNHGVS=NC_000001.11:g.943983C>T;CLNREVSTAT=criteria_provided,_single_submitter;CLNSIG=Uncertain_significance;CLNVC=single_nucleotide_variant;CLNVCSO=SO:0001483;GENEINFO=SAMD11:148398;MC=SO:0001583|missense_variant;ORIGIN=1
1	943986	1040624	G	T	.	.	ALLELEID=1023575;CLNDISDB=MedGen:CN517202;CLNDN=not_provided;CLNHGVS=NC_000001.11:g.943986G>T;CLNREVSTAT=criteria_provided,_single_submitter;CLNSIG=Uncertain_significance;CLNVC=single_nucleotide_variant;CLNVCSO=SO:0001483;GENEINFO=SAMD11:148398;MC=SO:0001583|missense_variant;ORIGIN=1
1	943995	950448	C	T	.	.	ALLELEID=929884;CLNDISDB=MedGen:CN517202;CLNDN=not_provided;CLNHGVS=NC_000001.11:g.943995C>T;CLNREVSTAT=criteria_provided,_single_submitter;CLNSIG=Pathogenic;CLNVC=single_nucleotide_variant;CLNVCSO=SO:0001483;GENEINFO=SAMD11:148398;MC=SO:0001587|nonsense;ORIGIN=1
1	943996	846628	G	C	.	.	ALLELEID=824544;CLNDISDB=MedGen:CN517202;CLNDN=not_provided;CLNHGVS=NC_000001.11:g.943996G>C;CLNREVSTAT=criteria_provided,_single_submitter;CLNSIG=Uncertain_significance;CLNVC=single_nucleotide_variant;CLNVCSO=SO:0001483;GENEINFO=SAMD11:148398;MC=SO:0001583|missense_variant;ORIGIN=1
1	944011	967909	G	A	.	.	ALLELEID=959429;CLNDISDB=MedGen:CN517202;CLNDN=not_provided;CLNHGVS=NC_000001.11:g.944011G>A;CLNREVSTAT=criteria_provided,_single_submitter;CLNSIG=Uncertain_significance;CLNVC=single_nucleotide_variant;CLNVCSO=SO:0001483;GENEINFO=SAMD11:148398;MC=SO:0001583|missense_variant;ORIGIN=1
1	944023	1062012	T	C	.	.	ALLELEID=1040402;CLNDISDB=MedGen:CN517202;CLNDN=not_provided;CLNHGVS=NC_000001.11:g.944023T>C;CLNREVSTAT=criteria_provided,_single_submitter;CLNSIG=Uncertain_significance;CLNVC=single_nucleotide_variant;CLNVCSO=SO:0001483;GENEINFO=SAMD11:148398;MC=SO:0001583|missense_variant;ORIGIN=1
1	944030	1098120	C	G	.	.	ALLELEID=1067669;CLNDISDB=MedGen:CN517202;CLNDN=not_provided;CLNHGVS=NC_000001.11:g.944030C>G;CLNREVSTAT=criteria_provided,_single_submitter;CLNSIG=Likely_benign;CLNVC=single_nucleotide_variant;CLNVCSO=SO:0001483;GENEINFO=SAMD11:148398;MC=SO:0001819|synonymous_variant;ORIGIN=1
1	944031	1038901	A	C	.	.	ALLELEID=1023576;CLNDISDB=MedGen:CN517202;CLNDN=not_provided;CLNHGVS=NC_000001.11:g.944031A>C;CLNREVSTAT=criteria_provided,_single_submitter;CLNSIG=Uncertain_significance;CLNVC=single_nucleotide_variant;CLNVCSO=SO:0001483;GENEINFO=SAMD11:148398;MC=SO:0001583|missense_variant;ORIGIN=1
1	944035	1000618	C	T	.	.	ALLELEID=987818;CLNDISDB=MedGen:CN517202;CLNDN=not_provided;CLNHGVS=NC_000001.11:g.944035C>T;CLNREVSTAT=criteria_provided,_single_submitter;CLNSIG=Uncertain_significance;CLNVC=single_nucleotide_variant;CLNVCSO=SO:0001483;GENEINFO=SAMD11:148398;MC=SO:0001583|missense_variant;ORIGIN=1
1	944035	1005006	CGGCCACGTCCCCCTATGGAGGG	C	.	.	ALLELEID=987819;CLNDISDB=MedGen:CN517202;CLNDN=not_provided;CLNHGVS=NC_000001.11:g.944043_944064del;CLNREVSTAT=criteria_provided,_single_submitter;CLNSIG=Uncertain_significance;CLNVC=Deletion;CLNVCSO=SO:0000159;CLNVI=Invitae:11388910;GENEINFO=SAMD11:148398;MC=SO:0001589|frameshift_variant;ORIGIN=1
1	944041	1011598	C	A	.	.	ALLELEID=987820;CLNDISDB=MedGen:CN517202;CLNDN=not_provided;CLNHGVS=NC_000001.11:g.944041C>A;CLNREVSTAT=criteria_provided,_single_submitter;CLNSIG=Uncertain_significance;CLNVC=single_nucleotide_variant;CLNVCSO=SO:0001483;GENEINFO=SAMD11:148398;MC=SO:0001583|missense_variant;ORIGIN=1
1	944043	1043119	T	TCCCCCTATGGAGGGGGCCACGC	.	.	ALLELEID=1023577;CLNDISDB=MedGen:CN517202;CLNDN=not_provided;CLNHGVS=NC_000001.11:g.944046_944067dup;CLNREVSTAT=criteria_provided,_single_submitter;CLNSIG=Uncertain_significance;CLNVC=Duplication;CLNVCSO=SO:1000035;CLNVI=Invitae:11757330;GENEINFO=SAMD11:148398;MC=SO:0001589|frameshift_variant;ORIGIN=1
1	944051	961217	T	G	.	.	ALLELEID=951970;CLNDISDB=MedGen:CN517202;CLNDN=not_provided;CLNHGVS=NC_000001.11:g.944051T>G;CLNREVSTAT=criteria_provided,_single_submitter;CLNSIG=Uncertain_significance;CLNVC=single_nucleotide_variant;CLNVCSO=SO:0001483;GENEINFO=SAMD11:148398;MC=SO:0001587|nonsense;ORIGIN=1
1	944056	967495	G	A	.	.	ALLELEID=959430;CLNDISDB=MedGen:CN517202;CLNDN=not_provided;CLNHGVS=NC_000001.11:g.944056G>A;CLNREVSTAT=criteria_provided,_single_submitter;CLNSIG=Uncertain_significance;CLNVC=single_nucleotide_variant;CLNVCSO=SO:0001483;GENEINFO=SAMD11:148398;MC=SO:0001583|missense_variant;ORIGIN=1
1	944057	955950	G	T	.	.	ALLELEID=951971;CLNDISDB=MedGen:CN517202;CLNDN=not_provided;CLNHGVS=NC_000001.11:g.944057G>T;CLNREVSTAT=criteria_provided,_single_submitter;CLNSIG=Uncertain_significance;CLNVC=single_nucleotide_variant;CLNVCSO=SO:0001483;GENEINFO=SAMD11:148398;MC=SO:0001819|synonymous_variant;ORIGIN=1
1	944059	850854	G	A	.	.	ALLELEID=824545;CLNDISDB=MedGen:CN517202;CLNDN=not_provided;CLNHGVS=NC_000001.11:g.944059G>A;CLNREVSTAT=criteria_provided,_single_submitter;CLNSIG=Uncertain_significance;CLNVC=single_nucleotide_variant;CLNVCSO=SO:0001483;GENEINFO=SAMD11:148398;MC=SO:0001583|missense_variant;ORIGIN=1
1	944073	942854	G	A	.	.	ALLELEID=939754;CLNDISDB=MedGen:CN517202;CLNDN=not_provided;CLNHGVS=NC_000001.11:g.944073G>A;CLNREVSTAT=criteria_provided,_single_submitter;CLNSIG=Uncertain_significance;CLNVC=single_nucleotide_variant;CLNVCSO=SO:0001483;GENEINFO=SAMD11:148398;MC=SO:0001583|missense_variant;ORIGIN=1
1	944101	780745	G	C	.	.	AF_ESP=0.02414;AF_EXAC=0.00676;AF_TGP=0.01977;ALLELEID=707599;CLNDISDB=MedGen:CN517202;CLNDN=not_provided;CLNHGVS=NC_000001.11:g.944101G>C;CLNREVSTAT=criteria_provided,_single_submitter;CLNSIG=Benign;CLNVC=single_nucleotide_variant;CLNVCSO=SO:0001483;GENEINFO=SAMD11:148398;MC=SO:0001583|missense_variant;ORIGIN=1;RS=113383096
1	944101	834376	G	T	.	.	ALLELEID=824546;CLNDISDB=MedGen:CN517202;CLNDN=not_provided;CLNHGVS=NC_000001.11:g.944101G>T;CLNREVSTAT=criteria_provided,_single_submitter;CLNSIG=Uncertain_significance;CLNVC=single_nucleotide_variant;CLNVCSO=SO:0001483;GENEINFO=SAMD11:148398;MC=SO:0001583|missense_variant;ORIGIN=1
1	944105	1094608	C	G	.	.	ALLELEID=1067670;CLNDISDB=MedGen:CN517202;CLNDN=not_provided;CLNHGVS=NC_000001.11:g.944105C>G;CLNREVSTAT=criteria_provided,_single_submitter;CLNSIG=Likely_benign;CLNVC=single_nucleotide_variant;CLNVCSO=SO:0001483;GENEINFO=SAMD11:148398;MC=SO:0001819|synonymous_variant;ORIGIN=1
1	944105	1078400	C	T	.	.	ALLELEID=1067671;CLNDISDB=MedGen:CN517202;CLNDN=not_provided;CLNHGVS=NC_000001.11:g.944105C>T;CLNREVSTAT=criteria_provided,_single_submitter;CLNSIG=Likely_benign;CLNVC=single_nucleotide_variant;CLNVCSO=SO:0001483;GENEINFO=SAMD11:148398;MC=SO:0001819|synonymous_variant;ORIGIN=1
1	944110	1039324	C	T	.	.	ALLELEID=1023578;CLNDISDB=MedGen:CN517202;CLNDN=not_provided;CLNHGVS=NC_000001.11:g.944110C>T;CLNREVSTAT=criteria_provided,_single_submitter;CLNSIG=Uncertain_significance;CLNVC=single_nucleotide_variant;CLNVCSO=SO:0001483;GENEINFO=SAMD11:148398;MC=SO:0001583|missense_variant;ORIGIN=1
1	944115	1058120	C	T	.	.	ALLELEID=1040403;CLNDISDB=MedGen:CN517202;CLNDN=not_provided;CLNHGVS=NC_000001.11:g.944115C>T;CLNREVSTAT=criteria_provided,_single_submitter;CLNSIG=Uncertain_significance;CLNVC=single_nucleotide_variant;CLNVCSO=SO:0001483;GENEINFO=SAMD11:148398;MC=SO:0001583|missense_variant;ORIGIN=1
1	944124	1024032	G	GC	.	.	ALLELEID=1003077;CLNDISDB=MedGen:CN517202;CLNDN=not_provided;CLNHGVS=NC_000001.11:g.944129dup;CLNREVSTAT=criteria_provided,_single_submitter;CLNSIG=Uncertain_significance;CLNVC=Duplication;CLNVCSO=SO:1000035;CLNVI=Invitae:10711749;GENEINFO=SAMD11:148398;MC=SO:0001589|frameshift_variant;ORIGIN=1
1	944138	1091256	C	A	.	.	ALLELEID=1067672;CLNDISDB=MedGen:CN517202;CLNDN=not_provided;CLNHGVS=NC_000001.11:g.944138C>A;CLNREVSTAT=criteria_provided,_single_submitter;CLNSIG=Likely_benign;CLNVC=single_nucleotide_variant;CLNVCSO=SO:0001483;GENEINFO=SAMD11:148398;MC=SO:0001819|synonymous_variant;ORIGIN=1
1	944143	1038459	C	T	.	.	ALLELEID=1023579;CLNDISDB=MedGen:CN517202;CLNDN=not_provided;CLNHGVS=NC_000001.11:g.944143C>T;CLNREVSTAT=criteria_provided,_single_submitter;CLNSIG=Uncertain_significance;CLNVC=single_nucleotide_variant;CLNVCSO=SO:0001483;GENEINFO=SAMD11:148398;MC=SO:0001583|missense_variant;ORIGIN=1
1	944150	962400	T	G	.	.	ALLELEID=951972;CLNDISDB=MedGen:CN517202;CLNDN=not_provided;CLNHGVS=NC_000001.11:g.944150T>G;CLNREVSTAT=criteria_provided,_single_submitter;CLNSIG=Uncertain_significance;CLNVC=single_nucleotide_variant;CLNVCSO=SO:0001483;GENEINFO=SAMD11:148398;MC=SO:0001583|missense_variant;ORIGIN=1
1	945564	730521	G	A	.	.	AF_ESP=0.00131;AF_EXAC=0.00059;AF_TGP=0.00260;ALLELEID=732665;CLNDISDB=MedGen:CN517202;CLNDN=not_provided;CLNHGVS=NC_000001.11:g.945564G>A;CLNREVSTAT=criteria_provided,_single_submitter;CLNSIG=Benign;CLNVC=single_nucleotide_variant;CLNVCSO=SO:0001483;GENEINFO=NOC2L:26155;MC=SO:0001819|synonymous_variant;ORIGIN=1;RS=112433394
1	952029	735490	G	C	.	.	AF_ESP=0.00131;AF_TGP=0.00120;ALLELEID=746686;CLNDISDB=MedGen:CN517202;CLNDN=not_provided;CLNHGVS=NC_000001.11:g.952029G>C;CLNREVSTAT=criteria_provided,_single_submitter;CLNSIG=Benign;CLNVC=single_nucleotide_variant;CLNVCSO=SO:0001483;GENEINFO=NOC2L:26155;MC=SO:0001819|synonymous_variant;ORIGIN=1;RS=113226136
1	952609	730522	A	G	.	.	AF_ESP=0.00392;AF_EXAC=0.00133;AF_TGP=0.00579;ALLELEID=743794;CLNDISDB=MedGen:CN517202;CLNDN=not_provided;CLNHGVS=NC_000001.11:g.952609A>G;CLNREVSTAT=criteria_provided,_single_submitter;CLNSIG=Benign;CLNVC=single_nucleotide_variant;CLNVCSO=SO:0001483;GENEINFO=NOC2L:26155;MC=SO:0001627|intron_variant;ORIGIN=1;RS=112966263
1	954070	734103	C	A	.	.	AF_ESP=0.00177;AF_EXAC=0.00035;AF_TGP=0.00160;ALLELEID=732666;CLNDISDB=MedGen:CN517202;CLNDN=not_provided;CLNHGVS=NC_000001.11:g.954070C>A;CLNREVSTAT=criteria_provided,_single_submitter;CLNSIG=Benign;CLNVC=single_nucleotide_variant;CLNVCSO=SO:0001483;GENEINFO=NOC2L:26155;MC=SO:0001819|synonymous_variant;ORIGIN=1;RS=58931985
1	956013	735491	G	A	.	.	AF_ESP=0.00131;AF_EXAC=0.00028;AF_TGP=0.00120;ALLELEID=746687;CLNDISDB=MedGen:CN517202;CLNDN=not_provided;CLNHGVS=NC_000001.11:g.956013G>A;CLNREVSTAT=criteria_provided,_single_submitter;CLNSIG=Likely_benign;CLNVC=single_nucleotide_variant;CLNVCSO=SO:0001483;GENEINFO=NOC2L:26155;MC=SO:0001583|missense_variant;ORIGIN=1;RS=113620763
1	956990	735492	T	C	.	.	AF_ESP=0.00131;AF_EXAC=0.00028;AF_TGP=0.00120;ALLELEID=746688;CLNDISDB=MedGen:CN517202;CLNDN=not_provided;CLNHGVS=NC_000001.11:g.956990T>C;CLNREVSTAT=criteria_provided,_single_submitter;CLNSIG=Benign;CLNVC=single_nucleotide_variant;CLNVCSO=SO:0001483;GENEINFO=NOC2L:26155;MC=SO:0001819|synonymous_variant;ORIGIN=1;RS=139508079
1	957132	735493	C	T	.	.	AF_ESP=0.00131;AF_EXAC=0.00026;AF_TGP=0.00120;ALLELEID=746689;CLNDISDB=MedGen:CN517202;CLNDN=not_provided;CLNHGVS=NC_000001.11:g.957132C>T;CLNREVSTAT=criteria_provided,_single_submitter;CLNSIG=Benign;CLNVC=single_nucleotide_variant;CLNVCSO=SO:0001483;GENEINFO=NOC2L:26155;MC=SO:0001819|synonymous_variant;ORIGIN=1;RS=140114557
1	961629	782832	A	G	.	.	AF_ESP=0.00115;AF_EXAC=0.00194;AF_TGP=0.00080;ALLELEID=707603;CLNDISDB=MedGen:CN517202;CLNDN=not_provided;CLNHGVS=NC_000001.11:g.961629A>G;CLNREVSTAT=criteria_provided,_single_submitter;CLNSIG=Likely_benign;CLNVC=single_nucleotide_variant;CLNVCSO=SO:0001483;GENEINFO=KLHL17:339451;MC=SO:0001583|missense_variant;ORIGIN=1;RS=138690517
1	961753	714060	G	A	.	.	AF_ESP=0.00185;AF_EXAC=0.00123;AF_TGP=0.00339;ALLELEID=730038;CLNDISDB=MedGen:CN517202;CLNDN=not_provided;CLNHGVS=NC_000001.11:g.961753G>A;CLNREVSTAT=criteria_provided,_single_submitter;CLNSIG=Likely_benign;CLNVC=single_nucleotide_variant;CLNVCSO=SO:0001483;GENEINFO=KLHL17:339451;MC=SO:0001627|intron_variant;ORIGIN=1;RS=181725337
1	962346	784924	C	T	.	.	AF_ESP=0.00508;AF_EXAC=0.00141;AF_TGP=0.00699;ALLELEID=778856;CLNDISDB=MedGen:CN517202;CLNDN=not_provided;CLNHGVS=NC_000001.11:g.962346C>T;CLNREVSTAT=criteria_provided,_single_submitter;CLNSIG=Benign;CLNVC=single_nucleotide_variant;CLNVCSO=SO:0001483;GENEINFO=KLHL17:339451;MC=SO:0001627|intron_variant;ORIGIN=1;RS=115528693
1	962739	787730	C	T	.	.	AF_ESP=0.00971;AF_EXAC=0.00278;AF_TGP=0.00739;ALLELEID=707604;CLNDISDB=MedGen:CN517202;CLNDN=not_provided;CLNHGVS=NC_000001.11:g.962739C>T;CLNREVSTAT=criteria_provided,_single_submitter;CLNSIG=Benign;CLNVC=single_nucleotide_variant;CLNVCSO=SO:0001483;GENEINFO=KLHL17:339451;MC=SO:0001819|synonymous_variant;ORIGIN=1;RS=79110607
1	962927	747957	C	T	.	.	AF_ESP=0.00039;AF_EXAC=0.00009;ALLELEID=759081;CLNDISDB=MedGen:CN517202;CLNDN=not_provided;CLNHGVS=NC_000001.11:g.962927C>T;CLNREVSTAT=criteria_provided,_single_submitter;CLNSIG=Likely_benign;CLNVC=single_nucleotide_variant;CLNVCSO=SO:0001483;GENEINFO=KLHL17:339451;MC=SO:0001627|intron_variant;ORIGIN=1;RS=372737116
1	963233	775485	C	T	.	.	AF_ESP=0.00370;AF_EXAC=0.00111;AF_TGP=0.00599;ALLELEID=696923;CLNDISDB=MedGen:CN517202;CLNDN=not_provided;CLNHGVS=NC_000001.11:g.963233C>T;CLNREVSTAT=criteria_provided,_single_submitter;CLNSIG=Benign;CLNVC=single_nucleotide_variant;CLNVCSO=SO:0001483;GENEINFO=KLHL17:339451;MC=SO:0001819|synonymous_variant;ORIGIN=1;RS=61746776
1	963349	750077	C	G	.	.	ALLELEID=746690;CLNDISDB=MedGen:CN517202;CLNDN=not_provided;CLNHGVS=NC_000001.11:g.963349C>G;CLNREVSTAT=criteria_provided,_single_submitter;CLNSIG=Likely_benign;CLNVC=single_nucleotide_variant;CLNVCSO=SO:0001483;GENEINFO=KLHL17:339451;MC=SO:0001819|synonymous_variant;ORIGIN=1;RS=113057758
1	963472	773624	C	T	.	.	AF_ESP=0.00062;AF_EXAC=0.00941;AF_TGP=0.02336;ALLELEID=696924;CLNDISDB=MedGen:CN517202;CLNDN=not_provided;CLNHGVS=NC_000001.11:g.963472C>T;CLNREVSTAT=criteria_provided,_single_submitter;CLNSIG=Benign;CLNVC=single_nucleotide_variant;CLNVCSO=SO:0001483;GENEINFO=KLHL17:339451;MC=SO:0001819|synonymous_variant;ORIGIN=1;RS=117269332
1	964512	916564	C	A	.	.	ALLELEID=904889;CLNDISDB=Human_Phenotype_Ontology:HP:0002575,MONDO:MONDO:0008586,MedGen:C0040588,OMIM:189960,Orphanet:ORPHA1199;CLNDN=Tracheoesophageal_fistula;CLNHGVS=NC_000001.11:g.964512C>A;CLNREVSTAT=no_assertion_criteria_provided;CLNSIG=Likely_pathogenic;CLNVC=single_nucleotide_variant;CLNVCSO=SO:0001483;GENEINFO=KLHL17:339451;MC=SO:0001583|missense_variant;ORIGIN=32
1	964539	743253	T	G	.	.	ALLELEID=759000;CLNDISDB=MedGen:CN517202;CLNDN=not_provided;CLNHGVS=NC_000001.11:g.964539T>G;CLNREVSTAT=criteria_provided,_single_submitter;CLNSIG=Likely_benign;CLNVC=single_nucleotide_variant;CLNVCSO=SO:0001483;GENEINFO=KLHL17:339451;MC=SO:0001627|intron_variant;ORIGIN=1;RS=1241010084
1	965059	733717	G	A	.	.	AF_ESP=0.00269;AF_EXAC=0.00080;AF_TGP=0.00379;ALLELEID=732668;CLNDISDB=MedGen:CN517202;CLNDN=not_provided;CLNHGVS=NC_000001.11:g.965059G>A;CLNREVSTAT=criteria_provided,_single_submitter;CLNSIG=Benign;CLNVC=single_nucleotide_variant;CLNVCSO=SO:0001483;GENEINFO=KLHL17:339451;MC=SO:0001819|synonymous_variant;ORIGIN=1;RS=72891155
1	966542	782833	G	A	.	.	AF_ESP=0.01096;AF_TGP=0.01058;ALLELEID=707605;CLNDISDB=MedGen:CN517202;CLNDN=not_provided;CLNHGVS=NC_000001.11:g.966542G>A;CLNREVSTAT=criteria_provided,_single_submitter;CLNSIG=Benign;CLNVC=single_nucleotide_variant;CLNVCSO=SO:0001483;GENEINFO=PLEKHN1:84069;MC=SO:0001583|missense_variant;ORIGIN=1;RS=62639980
1	966543	782834	C	A	.	.	AF_ESP=0.01088;AF_EXAC=0.00371;AF_TGP=0.01058;ALLELEID=707606;CLNDISDB=MedGen:CN517202;CLNDN=not_provided;CLNHGVS=NC_000001.11:g.966543C>A;CLNREVSTAT=criteria_provided,_single_submitter;CLNSIG=Benign;CLNVC=single_nucleotide_variant;CLNVCSO=SO:0001483;GENEINFO=PLEKHN1:84069;MC=SO:0001583|missense_variant;ORIGIN=1;RS=149741186
1	970514	710495	C	T	.	.	AF_ESP=0.00600;AF_EXAC=0.00516;AF_TGP=0.00300;ALLELEID=730039;CLNDISDB=MedGen:CN517202;CLNDN=not_provided;CLNHGVS=NC_000001.11:g.970514C>T;CLNREVSTAT=criteria_provided,_single_submitter;CLNSIG=Benign;CLNVC=single_nucleotide_variant;CLNVCSO=SO:0001483;GENEINFO=PLEKHN1:84069;MC=SO:0001627|intron_variant;ORIGIN=1;RS=41285810
1	972895	770481	G	A	.	.	AF_ESP=0.00063;AF_EXAC=0.00915;AF_TGP=0.01218;ALLELEID=696926;CLNDISDB=MedGen:CN517202;CLNDN=not_provided;CLNHGVS=NC_000001.11:g.972895G>A;CLNREVSTAT=criteria_provided,_single_submitter;CLNSIG=Benign;CLNVC=single_nucleotide_variant;CLNVCSO=SO:0001483;GENEINFO=PLEKHN1:84069;MC=SO:0001583|missense_variant;ORIGIN=1;RS=145574509
1	973842	791106	G	A	.	.	AF_ESP=0.02311;AF_EXAC=0.00609;AF_TGP=0.02296;ALLELEID=707611;CLNDISDB=MedGen:CN517202;CLNDN=not_provided;CLNHGVS=NC_000001.11:g.973842G>A;CLNREVSTAT=criteria_provided,_single_submitter;CLNSIG=Benign;CLNVC=single_nucleotide_variant;CLNVCSO=SO:0001483;GENEINFO=PLEKHN1:84069;MC=SO:0001583|missense_variant;ORIGIN=1;RS=56185812
1	973989	711747	G	A	.	.	AF_ESP=0.00170;AF_EXAC=0.00128;AF_TGP=0.00280;ALLELEID=719150;CLNDISDB=MedGen:CN517202;CLNDN=not_provided;CLNHGVS=NC_000001.11:g.973989G>A;CLNREVSTAT=criteria_provided,_single_submitter;CLNSIG=Likely_benign;CLNVC=single_nucleotide_variant;CLNVCSO=SO:0001483;GENEINFO=PLEKHN1:84069;MC=SO:0001583|missense_variant;ORIGIN=1;RS=201434720
1	1013978	967439	C	A	.	.	ALLELEID=960396;CLNDISDB=MONDO:MONDO:0014502,MedGen:C4015293,OMIM:616126,Orphanet:ORPHA319563;CLNDN=Immunodeficiency_38_with_basal_ganglia_calcification;CLNHGVS=NC_000001.11:g.1013978C>A;CLNREVSTAT=criteria_provided,_single_submitter;CLNSIG=Uncertain_significance;CLNVC=single_nucleotide_variant;CLNVCSO=SO:0001483;GENEINFO=ISG15:9636;MC=SO:0001627|intron_variant;ORIGIN=1
1	1013983	1028857	G	A	.	.	ALLELEID=1015460;CLNDISDB=MONDO:MONDO:0014502,MedGen:C4015293,OMIM:616126,Orphanet:ORPHA319563;CLNDN=Immunodeficiency_38_with_basal_ganglia_calcification;CLNHGVS=NC_000001.11:g.1013983G>A;CLNREVSTAT=criteria_provided,_single_submitter;CLNSIG=Pathogenic;CLNVC=single_nucleotide_variant;CLNVCSO=SO:0001483;GENEINFO=ISG15:9636;MC=SO:0001574|splice_acceptor_variant;ORIGIN=0
1	1013997	1035971	C	A	.	.	ALLELEID=1022448;CLNDISDB=MONDO:MONDO:0014502,MedGen:C4015293,OMIM:616126,Orphanet:ORPHA319563;CLNDN=Immunodeficiency_38_with_basal_ganglia_calcification;CLNHGVS=NC_000001.11:g.1013997C>A;CLNREVSTAT=criteria_provided,_single_submitter;CLNSIG=Uncertain_significance;CLNVC=single_nucleotide_variant;CLNVCSO=SO:0001483;GENEINFO=ISG15:9636;MC=SO:0001583|missense_variant;ORIGIN=1
1	1014011	942967	G	A	.	.	ALLELEID=929889;CLNDISDB=MONDO:MONDO:0014502,MedGen:C4015293,OMIM:616126,Orphanet:ORPHA319563;CLNDN=Immunodeficiency_38_with_basal_ganglia_calcification;CLNHGVS=NC_000001.11:g.1014011G>A;CLNREVSTAT=criteria_provided,_single_submitter;CLNSIG=Uncertain_significance;CLNVC=single_nucleotide_variant;CLNVCSO=SO:0001483;GENEINFO=ISG15:9636;MC=SO:0001583|missense_variant;ORIGIN=1
1	1014012	661610	C	T	.	.	ALLELEID=626468;CLNDISDB=MONDO:MONDO:0014502,MedGen:C4015293,OMIM:616126,Orphanet:ORPHA319563;CLNDN=Immunodeficiency_38_with_basal_ganglia_calcification;CLNHGVS=NC_000001.11:g.1014012C>T;CLNREVSTAT=criteria_provided,_single_submitter;CLNSIG=Uncertain_significance;CLNVC=single_nucleotide_variant;CLNVCSO=SO:0001483;GENEINFO=ISG15:9636;MC=SO:0001583|missense_variant;ORIGIN=1;RS=950572063
1	1014042	475283	G	A	.	.	AF_ESP=0.00546;AF_EXAC=0.00165;AF_TGP=0.00619;ALLELEID=446939;CLNDISDB=MONDO:MONDO:0014502,MedGen:C4015293,OMIM:616126,Orphanet:ORPHA319563;CLNDN=Immunodeficiency_38_with_basal_ganglia_calcification;CLNHGVS=NC_000001.11:g.1014042G>A;CLNREVSTAT=criteria_provided,_single_submitter;CLNSIG=Benign;CLNVC=single_nucleotide_variant;CLNVCSO=SO:0001483;GENEINFO=ISG15:9636;MC=SO:0001583|missense_variant;ORIGIN=1;RS=143888043
1	1014047	639487	A	G	.	.	AF_ESP=0.00008;AF_EXAC=0.00002;ALLELEID=626469;CLNDISDB=MONDO:MONDO:0014502,MedGen:C4015293,OMIM:616126,Orphanet:ORPHA319563;CLNDN=Immunodeficiency_38_with_basal_ganglia_calcification;CLNHGVS=NC_000001.11:g.1014047A>G;CLNREVSTAT=criteria_provided,_single_submitter;CLNSIG=Uncertain_significance;CLNVC=single_nucleotide_variant;CLNVCSO=SO:0001483;GENEINFO=ISG15:9636;MC=SO:0001583|missense_variant;ORIGIN=1;RS=374095998
1	1014053	1042671	G	T	.	.	ALLELEID=1022449;CLNDISDB=MONDO:MONDO:0014502,MedGen:C4015293,OMIM:616126,Orphanet:ORPHA319563;CLNDN=Immunodeficiency_38_with_basal_ganglia_calcification;CLNHGVS=NC_000001.11:g.1014053G>T;CLNREVSTAT=criteria_provided,_single_submitter;CLNSIG=Uncertain_significance;CLNVC=single_nucleotide_variant;CLNVCSO=SO:0001483;GENEINFO=ISG15:9636;MC=SO:0001583|missense_variant;ORIGIN=1
1	1014058	740895	A	G	.	.	AF_EXAC=0.00066;AF_TGP=0.00120;ALLELEID=745491;CLNDISDB=MONDO:MONDO:0014502,MedGen:C4015293,OMIM:616126,Orphanet:ORPHA319563;CLNDN=Immunodeficiency_38_with_basal_ganglia_calcification;CLNHGVS=NC_000001.11:g.1014058A>G;CLNREVSTAT=criteria_provided,_single_submitter;CLNSIG=Benign;CLNVC=single_nucleotide_variant;CLNVCSO=SO:0001483;GENEINFO=ISG15:9636;MC=SO:0001819|synonymous_variant;ORIGIN=1;RS=543999661
1	1014092	950193	G	A	.	.	ALLELEID=921534;CLNDISDB=MONDO:MONDO:0014502,MedGen:C4015293,OMIM:616126,Orphanet:ORPHA319563;CLNDN=Immunodeficiency_38_with_basal_ganglia_calcification;CLNHGVS=NC_000001.11:g.1014092G>A;CLNREVSTAT=criteria_provided,_single_submitter;CLNSIG=Uncertain_significance;CLNVC=single_nucleotide_variant;CLNVCSO=SO:0001483;GENEINFO=ISG15:9636;MC=SO:0001583|missense_variant;ORIGIN=1
1	1014097	1083206	C	T	.	.	ALLELEID=1065938;CLNDISDB=MONDO:MONDO:0014502,MedGen:C4015293,OMIM:616126,Orphanet:ORPHA319563;CLNDN=Immunodeficiency_38_with_basal_ganglia_calcification;CLNHGVS=NC_000001.11:g.1014097C>T;CLNREVSTAT=criteria_provided,_single_submitter;CLNSIG=Likely_benign;CLNVC=single_nucleotide_variant;CLNVCSO=SO:0001483;GENEINFO=ISG15:9636;MC=SO:0001819|synonymous_variant;ORIGIN=1
1	1014111	659187	G	A	.	.	AF_ESP=0.00069;AF_EXAC=0.00017;AF_TGP=0.00020;ALLELEID=626470;CLNDISDB=MONDO:MONDO:0014502,MedGen:C4015293,OMIM:616126,Orphanet:ORPHA319563;CLNDN=Immunodeficiency_38_with_basal_ganglia_calcification;CLNHGVS=NC_000001.11:g.1014111G>A;CLNREVSTAT=criteria_provided,_multiple_submitters,_no_conflicts;CLNSIG=Uncertain_significance;CLNVC=single_nucleotide_variant;CLNVCSO=SO:0001483;GENEINFO=ISG15:9636;MC=SO:0001583|missense_variant;ORIGIN=9;RS=148041041
1	1014122	542074	C	T	.	.	AF_ESP=0.00015;AF_EXAC=0.00010;ALLELEID=514926;CLNDISDB=MONDO:MONDO:0014502,MedGen:C4015293,OMIM:616126,Orphanet:ORPHA319563;CLNDN=Immunodeficiency_38_with_basal_ganglia_calcification;CLNHGVS=NC_000001.11:g.1014122C>T;CLNREVSTAT=criteria_provided,_single_submitter;CLNSIG=Uncertain_significance;CLNVC=single_nucleotide_variant;CLNVCSO=SO:0001483;GENEINFO=ISG15:9636;MC=SO:0001583|missense_variant;ORIGIN=1;RS=150861311
1	1014130	1090600	C	T	.	.	ALLELEID=1065939;CLNDISDB=MONDO:MONDO:0014502,MedGen:C4015293,OMIM:616126,Orphanet:ORPHA319563;CLNDN=Immunodeficiency_38_with_basal_ganglia_calcification;CLNHGVS=NC_000001.11:g.1014130C>T;CLNREVSTAT=criteria_provided,_single_submitter;CLNSIG=Likely_benign;CLNVC=single_nucleotide_variant;CLNVCSO=SO:0001483;GENEINFO=ISG15:9636;MC=SO:0001819|synonymous_variant;ORIGIN=1
1	1014131	957804	G	A	.	.	ALLELEID=941322;CLNDISDB=MONDO:MONDO:0014502,MedGen:C4015293,OMIM:616126,Orphanet:ORPHA319563;CLNDN=Immunodeficiency_38_with_basal_ganglia_calcification;CLNHGVS=NC_000001.11:g.1014131G>A;CLNREVSTAT=criteria_provided,_single_submitter;CLNSIG=Uncertain_significance;CLNVC=single_nucleotide_variant;CLNVCSO=SO:0001483;GENEINFO=ISG15:9636;MC=SO:0001583|missense_variant;ORIGIN=1
1	1014138	652606	C	T	.	.	AF_ESP=0.00015;AF_EXAC=0.00002;ALLELEID=626471;CLNDISDB=MONDO:MONDO:0014502,MedGen:C4015293,OMIM:616126,Orphanet:ORPHA319563;CLNDN=Immunodeficiency_38_with_basal_ganglia_calcification;CLNHGVS=NC_000001.11:g.1014138C>T;CLNREVSTAT=criteria_provided,_single_submitter;CLNSIG=Uncertain_significance;CLNVC=single_nucleotide_variant;CLNVCSO=SO:0001483;GENEINFO=ISG15:9636;MC=SO:0001583|missense_variant;ORIGIN=1;RS=146063673
1	1014143	183381	C	T	.	.	ALLELEID=181485;CLNDISDB=MONDO:MONDO:0014502,MedGen:C4015293,OMIM:616126,Orphanet:ORPHA319563;CLNDN=Immunodeficiency_38_with_basal_ganglia_calcification;CLNHGVS=NC_000001.11:g.1014143C>T;CLNREVSTAT=no_assertion_criteria_provided;CLNSIG=Pathogenic;CLNVC=single_nucleotide_variant;CLNVCSO=SO:0001483;CLNVI=OMIM_Allelic_Variant:147571.0003;GENEINFO=ISG15:9636;MC=SO:0001587|nonsense;ORIGIN=1;RS=786201005
1	1014151	755607	G	A	.	.	ALLELEID=761014;CLNDISDB=MedGen:CN517202;CLNDN=not_provided;CLNHGVS=NC_000001.11:g.1014151G>A;CLNREVSTAT=criteria_provided,_single_submitter;CLNSIG=Likely_benign;CLNVC=single_nucleotide_variant;CLNVCSO=SO:0001483;GENEINFO=ISG15:9636;MC=SO:0001819|synonymous_variant;ORIGIN=1;RS=1570111195
1	1014179	542075	C	T	.	.	ALLELEID=514896;CLNDISDB=MONDO:MONDO:0014502,MedGen:C4015293,OMIM:616126,Orphanet:ORPHA319563;CLNDN=Immunodeficiency_38_with_basal_ganglia_calcification;CLNHGVS=NC_000001.11:g.1014179C>T;CLNREVSTAT=criteria_provided,_single_submitter;CLNSIG=Uncertain_significance;CLNVC=single_nucleotide_variant;CLNVCSO=SO:0001483;GENEINFO=ISG15:9636;MC=SO:0001583|missense_variant;ORIGIN=1;RS=1553169766
1	1014182	661288	G	A	.	.	AF_EXAC=0.00001;ALLELEID=626472;CLNDISDB=MONDO:MONDO:0014502,MedGen:C4015293,OMIM:616126,Orphanet:ORPHA319563;CLNDN=Immunodeficiency_38_with_basal_ganglia_calcification;CLNHGVS=NC_000001.11:g.1014182G>A;CLNREVSTAT=criteria_provided,_single_submitter;CLNSIG=Uncertain_significance;CLNVC=single_nucleotide_variant;CLNVCSO=SO:0001483;GENEINFO=ISG15:9636;MC=SO:0001583|missense_variant;ORIGIN=1;RS=748078443
1	1014217	475278	C	T	.	.	AF_ESP=0.00515;AF_EXAC=0.00831;AF_TGP=0.00339;ALLELEID=446987;CLNDISDB=MONDO:MONDO:0014502,MedGen:C4015293,OMIM:616126,Orphanet:ORPHA319563;CLNDN=Immunodeficiency_38_with_basal_ganglia_calcification;CLNHGVS=NC_000001.11:g.1014217C>T;CLNREVSTAT=criteria_provided,_single_submitter;CLNSIG=Benign;CLNVC=single_nucleotide_variant;CLNVCSO=SO:0001483;GENEINFO=ISG15:9636;MC=SO:0001819|synonymous_variant;ORIGIN=1;RS=61766284
1	1014222	655870	C	T	.	.	AF_EXAC=0.00003;ALLELEID=626473;CLNDISDB=MONDO:MONDO:0014502,MedGen:C4015293,OMIM:616126,Orphanet:ORPHA319563;CLNDN=Immunodeficiency_38_with_basal_ganglia_calcification;CLNHGVS=NC_000001.11:g.1014222C>T;CLNREVSTAT=criteria_provided,_single_submitter;CLNSIG=Uncertain_significance;CLNVC=single_nucleotide_variant;CLNVCSO=SO:0001483;GENEINFO=ISG15:9636;MC=SO:0001583|missense_variant;ORIGIN=1;RS=764675171
1	1014223	915424	TCTGAGCATC	T	.	.	ALLELEID=903498;CLNDISDB=MONDO:MONDO:0014502,MedGen:C4015293,OMIM:616126,Orphanet:ORPHA319563;CLNDN=Immunodeficiency_38_with_basal_ganglia_calcification;CLNHGVS=NC_000001.11:g.1014227_1014235del;CLNREVSTAT=criteria_provided,_single_submitter;CLNSIG=Uncertain_significance;CLNVC=Deletion;CLNVCSO=SO:0000159;GENEINFO=ISG15:9636;MC=SO:0001822|inframe_deletion;ORIGIN=0
1	1014228	402986	G	A	.	.	AF_ESP=0.40158;AF_EXAC=0.37025;AF_TGP=0.33886;ALLELEID=389314;CLNDISDB=MedGen:CN169374;CLNDN=not_specified;CLNHGVS=NC_000001.11:g.1014228G>A;CLNREVSTAT=criteria_provided,_single_submitter;CLNSIG=Benign;CLNVC=single_nucleotide_variant;CLNVCSO=SO:0001483;GENEINFO=ISG15:9636;MC=SO:0001583|missense_variant;ORIGIN=1;RS=1921
1	1014251	658311	G	A	.	.	AF_EXAC=0.00001;ALLELEID=626474;CLNDISDB=MONDO:MONDO:0014502,MedGen:C4015293,OMIM:616126,Orphanet:ORPHA319563;CLNDN=Immunodeficiency_38_with_basal_ganglia_calcification;CLNHGVS=NC_000001.11:g.1014251G>A;CLNREVSTAT=criteria_provided,_single_submitter;CLNSIG=Uncertain_significance;CLNVC=single_nucleotide_variant;CLNVCSO=SO:0001483;GENEINFO=ISG15:9636;MC=SO:0001583|missense_variant;ORIGIN=1;RS=767687872
1	1014255	571208	G	A	.	.	AF_ESP=0.00008;AF_EXAC=0.00003;ALLELEID=556509;CLNDISDB=MONDO:MONDO:0014502,MedGen:C4015293,OMIM:616126,Orphanet:ORPHA319563;CLNDN=Immunodeficiency_38_with_basal_ganglia_calcification;CLNHGVS=NC_000001.11:g.1014255G>A;CLNREVSTAT=criteria_provided,_multiple_submitters,_no_conflicts;CLNSIG=Uncertain_significance;CLNVC=single_nucleotide_variant;CLNVCSO=SO:0001483;GENEINFO=ISG15:9636;MC=SO:0001583|missense_variant;ORIGIN=9;RS=368865539
1	1014274	969834	AC	GT	.	.	ALLELEID=951980;CLNDISDB=MONDO:MONDO:0014502,MedGen:C4015293,OMIM:616126,Orphanet:ORPHA319563;CLNDN=Immunodeficiency_38_with_basal_ganglia_calcification;CLNHGVS=NC_000001.11:g.1014274_1014275inv;CLNREVSTAT=criteria_provided,_single_submitter;CLNSIG=Uncertain_significance;CLNVC=Inversion;CLNVCSO=SO:1000036;CLNVI=Invitae:8050671;GENEINFO=ISG15:9636;MC=SO:0001583|missense_variant;ORIGIN=1
1	1014276	568195	G	A	.	.	AF_EXAC=0.00007;ALLELEID=556512;CLNDISDB=MONDO:MONDO:0014502,MedGen:C4015293,OMIM:616126,Orphanet:ORPHA319563;CLNDN=Immunodeficiency_38_with_basal_ganglia_calcification;CLNHGVS=NC_000001.11:g.1014276G>A;CLNREVSTAT=criteria_provided,_multiple_submitters,_no_conflicts;CLNSIG=Uncertain_significance;CLNVC=single_nucleotide_variant;CLNVCSO=SO:0001483;GENEINFO=ISG15:9636;MC=SO:0001583|missense_variant;ORIGIN=1;RS=374404353
1	1014282	858156	C	T	.	.	ALLELEID=822358;CLNDISDB=MONDO:MONDO:0014502,MedGen:C4015293,OMIM:616126,Orphanet:ORPHA319563;CLNDN=Immunodeficiency_38_with_basal_ganglia_calcification;CLNHGVS=NC_000001.11:g.1014282C>T;CLNREVSTAT=criteria_provided,_single_submitter;CLNSIG=Uncertain_significance;CLNVC=single_nucleotide_variant;CLNVCSO=SO:0001483;GENEINFO=ISG15:9636;MC=SO:0001583|missense_variant;ORIGIN=1
1	1014290	1023883	G	A	.	.	ALLELEID=1001939;CLNDISDB=MONDO:MONDO:0014502,MedGen:C4015293,OMIM:616126,Orphanet:ORPHA319563;CLNDN=Immunodeficiency_38_with_basal_ganglia_calcification;CLNHGVS=NC_000001.11:g.1014290G>A;CLNREVSTAT=criteria_provided,_single_submitter;CLNSIG=Uncertain_significance;CLNVC=single_nucleotide_variant;CLNVCSO=SO:0001483;GENEINFO=ISG15:9636;MC=SO:0001583|missense_variant;ORIGIN=1
1	1014293	1047697	G	A	.	.	ALLELEID=1022450;CLNDISDB=MONDO:MONDO:0014502,MedGen:C4015293,OMIM:616126,Orphanet:ORPHA319563;CLNDN=Immunodeficiency_38_with_basal_ganglia_calcification;CLNHGVS=NC_000001.11:g.1014293G>A;CLNREVSTAT=criteria_provided,_single_submitter;CLNSIG=Uncertain_significance;CLNVC=single_nucleotide_variant;CLNVCSO=SO:0001483;GENEINFO=ISG15:9636;MC=SO:0001583|missense_variant;ORIGIN=1
1	1014316	161455	C	CG	.	.	ALLELEID=171289;CLNDISDB=MONDO:MONDO:0014502,MedGen:C4015293,OMIM:616126,Orphanet:ORPHA319563;CLNDN=Immunodeficiency_38_with_basal_ganglia_calcification;CLNHGVS=NC_000001.11:g.1014319dup;CLNREVSTAT=no_assertion_criteria_provided;CLNSIG=Pathogenic;CLNVC=Duplication;CLNVCSO=SO:1000035;CLNVI=OMIM_Allelic_Variant:147571.0002;GENEINFO=ISG15:9636;MC=SO:0001589|frameshift_variant;ORIGIN=1;RS=672601345
1	1014327	1042776	G	T	.	.	ALLELEID=1022451;CLNDISDB=MONDO:MONDO:0014502,MedGen:C4015293,OMIM:616126,Orphanet:ORPHA319563;CLNDN=Immunodeficiency_38_with_basal_ganglia_calcification;CLNHGVS=NC_000001.11:g.1014327G>T;CLNREVSTAT=criteria_provided,_single_submitter;CLNSIG=Uncertain_significance;CLNVC=single_nucleotide_variant;CLNVCSO=SO:0001483;GENEINFO=ISG15:9636;MC=SO:0001583|missense_variant;ORIGIN=1
1	1014332	1061485	C	T	.	.	ALLELEID=1039267;CLNDISDB=MONDO:MONDO:0014502,MedGen:C4015293,OMIM:616126,Orphanet:ORPHA319563;CLNDN=Immunodeficiency_38_with_basal_ganglia_calcification;CLNHGVS=NC_000001.11:g.1014332C>T;CLNREVSTAT=criteria_provided,_single_submitter;CLNSIG=Uncertain_significance;CLNVC=single_nucleotide_variant;CLNVCSO=SO:0001483;GENEINFO=ISG15:9636;MC=SO:0001587|nonsense;ORIGIN=1
1	1014335	1036426	G	A	.	.	ALLELEID=1022452;CLNDISDB=MONDO:MONDO:0014502,MedGen:C4015293,OMIM:616126,Orphanet:ORPHA319563;CLNDN=Immunodeficiency_38_with_basal_ganglia_calcification;CLNHGVS=NC_000001.11:g.1014335G>A;CLNREVSTAT=criteria_provided,_single_submitter;CLNSIG=Uncertain_significance;CLNVC=single_nucleotide_variant;CLNVCSO=SO:0001483;GENEINFO=ISG15:9636;MC=SO:0001583|missense_variant;ORIGIN=1
1	1014337	1079246	C	T	.	.	ALLELEID=1065940;CLNDISDB=MONDO:MONDO:0014502,MedGen:C4015293,OMIM:616126,Orphanet:ORPHA319563;CLNDN=Immunodeficiency_38_with_basal_ganglia_calcification;CLNHGVS=NC_000001.11:g.1014337C>T;CLNREVSTAT=criteria_provided,_single_submitter;CLNSIG=Likely_benign;CLNVC=single_nucleotide_variant;CLNVCSO=SO:0001483;GENEINFO=ISG15:9636;MC=SO:0001819|synonymous_variant;ORIGIN=1
1	1014338	1011331	G	A	.	.	ALLELEID=986725;CLNDISDB=MONDO:MONDO:0014502,MedGen:C4015293,OMIM:616126,Orphanet:ORPHA319563;CLNDN=Immunodeficiency_38_with_basal_ganglia_calcification;CLNHGVS=NC_000001.11:g.1014338G>A;CLNREVSTAT=criteria_provided,_single_submitter;CLNSIG=Uncertain_significance;CLNVC=single_nucleotide_variant;CLNVCSO=SO:0001483;GENEINFO=ISG15:9636;MC=SO:0001583|missense_variant;ORIGIN=1
1	1014358	762588	C	T	.	.	AF_EXAC=0.00001;ALLELEID=761015;CLNDISDB=MedGen:CN517202;CLNDN=not_provided;CLNHGVS=NC_000001.11:g.1014358C>T;CLNREVSTAT=criteria_provided,_single_submitter;CLNSIG=Likely_benign;CLNVC=single_nucleotide_variant;CLNVCSO=SO:0001483;GENEINFO=ISG15:9636;MC=SO:0001819|synonymous_variant;ORIGIN=1;RS=772413940
1	1014359	648609	G	A	.	.	ALLELEID=626475;CLNDISDB=MONDO:MONDO:0014502,MedGen:C4015293,OMIM:616126,Orphanet:ORPHA319563;CLNDN=Immunodeficiency_38_with_basal_ganglia_calcification;CLNHGVS=NC_000001.11:g.1014359G>A;CLNREVSTAT=criteria_provided,_single_submitter;CLNSIG=Uncertain_significance;CLNVC=single_nucleotide_variant;CLNVCSO=SO:0001483;GENEINFO=ISG15:9636;MC=SO:0001583|missense_variant;ORIGIN=1;RS=672601312
1	1014359	161454	G	T	.	.	AF_EXAC=0.00001;ALLELEID=171288;CLNDISDB=MONDO:MONDO:0014502,MedGen:C4015293,OMIM:616126,Orphanet:ORPHA319563;CLNDN=Immunodeficiency_38_with_basal_ganglia_calcification;CLNHGVS=NC_000001.11:g.1014359G>T;CLNREVSTAT=no_assertion_criteria_provided;CLNSIG=Pathogenic;CLNVC=single_nucleotide_variant;CLNVCSO=SO:0001483;CLNVI=OMIM_Allelic_Variant:147571.0001;GENEINFO=ISG15:9636;MC=SO:0001587|nonsense;ORIGIN=1;RS=672601312
1	1014363	1021524	G	A	.	.	ALLELEID=1001940;CLNDISDB=MONDO:MONDO:0014502,MedGen:C4015293,OMIM:616126,Orphanet:ORPHA319563;CLNDN=Immunodeficiency_38_with_basal_ganglia_calcification;CLNHGVS=NC_000001.11:g.1014363G>A;CLNREVSTAT=criteria_provided,_single_submitter;CLNSIG=Uncertain_significance;CLNVC=single_nucleotide_variant;CLNVCSO=SO:0001483;GENEINFO=ISG15:9636;MC=SO:0001583|missense_variant;ORIGIN=1
